"HYMN TITLE","Text","ELH#","TLH#","LW#","LBW#","CW#","HS'98#"
"A Boy is Born in Bethlehem",,112,,,,,
"A Great and Mighty Wonder","1 Tim 3:16",113,76,51,,36,
"A Hymn of Glory Let Us Sing","Acts 1:11",389,212,149,157,171,
"A Lamb Alone Bears Willingly","Is 53:7",331,142,111,105,100,
"A Lamb Goes Uncomplaining Forth","Is 53:7",331,142,111,105,100,
"A Mighty Fortress Is Our God","Ps 46",251,262,297,229,201,
"A Mighty Fortress Is Our God","Ps 46",250,262,298,228,200,
"A Multitude Comes from the East and the West","Matt 8:11, 12",200,415,464,313,,
"A Pilgrim and a Stranger","Ps 29:12",,586,,,,
"A Rest Remaineth for the Weary","Heb 4:9",,615,,,,
"A Stable Lamp is Lighted","Luke 2:6-7",,,,74,,810
"A Wondrous Mystery is Here",,309,,,,,
"Abide in Grace O Jesus",,579,,,,,
"Abide O Dearest Jesus","Luke 24:29",312,53,287,263,333,
"Abide with me Fast Falls the Eventide","Luke 24:29",561,552,490,272,588,
"Abide with Us Our Savior","Luke 24:29",312,53,287,263,333,
"Abide with Us the Day is Waning","Luke 24:13-35",563,194,,,,
"Across the Sky the Shades of Night","Ps 121:1",,110,181,,69,
"Adoramus te Domine","Rev 11:16-19",,,,,,894
"Ah Holy Jesus How Hast Thou Offended","Luke 23:20-24",292,143,119,123,117,
"Alabare","Rev 5:8-13",,,,,,896
"Alas and Did My Savior Bleed","Luke 23:44-46",282,154,97,98,129,
"Alas My God My Sins Are Great","Ps 38:4",,317,232,,,
"All Creatures of Our God and King","Ps 65:8-13",,,436,527,,
"All Depends on Our Possessing","Prov 10:22",468,425,415,447,421,
"All Glory Be to God Alone","Luke 2:14",36,238,210,,262,
"All Glory Be to God on High","Luke 2:14",35,237,215,166,263,
"All Glory Laud and Honor","Matt 21:16",277,160,102,108,131,
"All Hail the Power of Jesus' Name","Rev 19:16",49,339,272,328,370,
"All Hail the Power of Jesus' Name","Rev 19:16",49,339,272,329,370,
"All Hail to You O Blessed Morn",,,,,73,,
"All Mankind Fell in Adam's Fall","Rom 3:12",491,369,363,,378,
"All men Living Are But Mortal","Is 40:6",472,601,,,,
"All My Heart Sings and Rejoices","Luke 2:11",115,77,39,46,37,
"All My Heart This Night Rejoices","Luke 2:11",115,77,39,46,37,
"All My Hope on God is Founded",,203,,,,,
"All People that on Earth Do Dwell","Ps 100",51,14,435,245,233,
"All Praise Be Yours",,435,,,,350,
"All Praise to God Who Reigns Above","Deut 32:3",435,19,452,542,236,
"All Praise to Thee Eternal God","John 1:14",565,80,35,48,33,
"All Praise to Thee My God This Night","Ps 91:4",,558,484,278,592,
"All praise to Thee, for Thou, O King divine","Phil 2:5-11",,,,,,862
"All Praise to You Eternal Lord","John 1:14",565,80,35,48,33,
"All Praise to You O Lord",,,,,78,,
"All that I Was My Sin My Guilt","1 Cor 15:10",451,378,,,,
"All the Earth with Joy Is Sounding","Matt 12:39-41",,,,,,829
"All Who Believe and Are Baptized","Mark 16:16",241,301,225,194,299,
"All Who Love and Serve Your City",,,,,436,,
"All Who Would Valiant Be","Heb 11:13-16, 33-40",,,383,498,,
"All Ye Who on the Earth do Dwell","Ecclus 50:22-24",52,581,,,,
"All Ye Who on This Earth do Dwell","Ecclus 50:22-24",52,581,,,,
"All You Works of God, Bless the Lord!","Ps 103:20-22",,,,,,914
"Alleluia",,,,,,,907
"Alleluia Alleluia Give Thanks",,,,,,154,
"Alleluia Jesus Lives",,340,,,,153,
"Alleluia Sing to Jesus",,,,,158,169,
"Alleluia!  Sing to Jesus","Rev 7:9-14",,,,,,851
"Alleluia, Song of Gladness","Ps 137:1-6",,,,,,819
"Allelujah/Alleluia/Hallelujah Let Praises Ring","Rev 19:1",6,23,437,,241,
"Almighty Father Bless the Word","Luke 8:3",412,52,216,,323,
"Almighty Father Heaven and Earth","1 Pet 4:10",447,438,,,480,
"Almighty Father Strong to Save",,,,,467,517,
"Almighty God Thy Word is Cast","Mark 4:3-9",228,49,342,234,324,
"Almighty God Your Word is Cast","Mark 4:3-9",228,49,342,234,324,
"Almighty Lord before Thy Throne","Ps 59:16",,579,,,,
"Am I a Soldier of the Cross","1 Cor 16:13",,445,,,,
"Amazing Grace How Sweet the Sound","Rom 3:22-24",,,509,448,379,
"Amid the World's Bleak Wilderness","Ps 80:8-19",,,273,378,342,
"An Awefull Mystery Is Here","1 Cor 11:23-35",309,304,,,,
"And Have the Bright Immensities",,,,,391,,
"And will the Judge Descend","Matt 25:41",,610,,,,
"And Wilt Thou Pardon, Lord","Ps 143:4",,322,,,,
"Angels from the Realms of Glory","Matt 2:2",114,136,50,50,80,
"Angels We Have Heard on High","Luke 2:7-20",116,,55,71,63,
"Approach My Soul the Mercy-Seat","Matt 11:28",,456,,,,
"Arise and Shine in Splendor","Is 60:1-6",166,126,85,,81,
"Arise My Soul Arise",,,,,516,244,
"Arise My Soul Sing Joyfully",,118,,,,44,
"Arise O Christian People","Luke 3:4, 5",,75,25,,14,
"Arise O God and Shine","Is 60:3",,642,,,,
"Arise Sons of the Kingdom","Luke 19:28",105,69,,,,
"Arm These Thy Soldiers, Mighty Lord","Eph 6:13",508,332,,,,
"Around the Throne a Glorious Band",,,,,,549,
"Around the Throne of God a Band","Ps 91:11",546,256,,,198,
"Around You O Lord Jesus",,,,,496,,
"Art Thou Weary Art Thou Troubled","Matt 11:28",,513,,,,
"As After the Waterbrooks Panteth",,462,,,,,
"As Angels Joyed with One Accord",,,,,,5,
"As Each Happy Christmas","Luke 2:4-7",117,,66,,,
"As Men of Old Their Firstfruits Brought",,,,,404,,
"As Moses Lost in Sinai's Wilderness","Ps 22:3-5",,,324,,,
"As Pants the Hart for Cooling Streams","Ps 42",,525,,452,,
"As Saints of Old Their Firstfruits Brought",,,,,404,,
"As Surely as I Live God Said","Ezek 33:11",417,331,235,,308,
"As We Begin Another Week","Rev 1:10",,7,,,223,
"As with Gladness Men of Old","Matt 2:1-11",168,127,75,82,83,
"Asleep in Jesus Blessed Sleep","1 Thess 4:14",478,587,,,605,
"At Even when the Sun did Set","Mark 1:32-34",,557,,,,
"At Jesus Feet Our Infant Sweet",,245,,,,,
"At the Cross Her Station Keeping",,,,,110,,
"At the Lamb's High Feast We Sing","Rev 5:11-13",310,,126,210,141,
"At the Name of Jesus","Phil 2:5-11",53,,178,179,344,
"Awake and Sing the Song",,17,,,,,
"Awake My Heart with Gladness","Col 2:15",341,192,128,129,156,
"Awake My Soul and with the Sun","Ps 108:2",74,536,478,269,582,
"Awake My Soul to Joyful Lays","Ps 36:7",,340,,,,
"Awake O Spirit of the Watchmen","2 Thess 3:1",395,494,315,382,567,
"Awake O Spirit Who Inspired","2 Thess 3:1",395,494,315,382,567,
"Awake thou spirit of the watchmen","2 Thess 3:1",395,494,315,382,567,
"Awake Thou Spirit Who Didst Fire","2 Thess 3:1",395,494,315,382,567,
"Away in a Manger No Crib for His Bed","Luke 2:7",119,,64,67,68,
"Baptized in Water",,,,,,297,
"Baptized into Thy Name Most Holy","Matt 28:19",242,298,224,192,294,
"Baptized into Your Name Most Holy.","Matt 28:19",242,298,224,192,294,
"Battle Hymn of the Republic",,,,,332,,
"Be Not Dismayed Thou Little Flock",,375,,,,,
"Be Still My Soul","Ps 46:10",,651,510,,415,
"Be Strong in the Lord","Eph 6:10-18",,,,,,866
"Beati Pauperes","Matt 5:3-12",,668,,,,
"Beautiful Savior","Ps 45:2",54,657,507,518,369,
"Before Jehovah's Awefull Throne","Ps 100",,13,454,531,,
"Before Jehovah's Awesome Throne","Ps 100",,13,454,531,,
"Before the Ending of the Day","Ps 91:1-12",,,489,277,595,
"Before the Lord We Bow","Ps 145:1",,575,500,401,618,
"Before Thee God Who Knowest All","Ezra 9:15",493,318,234,310,306,
"Before Thy Throne I Now Appear",,564,,,,,
"Before You God the Judge of All","Ezra 9:15",493,318,234,310,306,
"Before You Lord We Bow","Ps 145:1",,575,500,401,,
"Before Your Awesome Majesty",,50,,,,,
"Behold a Branch is Growing","Is 11:1-2",121,645,67,58,47,
"Behold a Host Arrayed in White","Rev 7:13-17",553,656,192,314,550,
"Behold a Host Like Mountains Bright","Rev 7:13-17",553,656,192,314,550,
"Behold a Stranger at the Door","Rev 3:20",,650,,,,
"Behold the Lamb of God!","John 1:29",235,165,,,101,
"Behold the Savior of Mankind","Luke 23:46",,176,,,,
"Behold the Sure Foundation-Stone","Ps 118:22",,460,,,,
"Beloved It Is Well!","Rom 11:33",,519,,,,
"Beneath the Cross of Jesus",,330,,,107,,
"Beneath the Cross of Jesus Kneeling",,288,,,,,
"Bless Our Loved Ones Holy Father","Gen 31:49",576,643,469,,504,
"Blessed Are the Saints of God","Matt 5:14",,391,370,,394,
"Blessed Are the Sons of God ","Matt 5:14",,391,370,,394,
"Blessed Are They Forever Blest","Ps 32",416,392,,,8,
"Blessed Jesus at Thy Word","Luke 11:28",1,16,202,248,221,
"Blessed Jesus at Your Word","Luke 11:28",1,16,202,248,221,
"Blessed Savior, Who hast Taught Me","Ezek 16:60",,333,,,,
"Blessing and Honor and Glory and Power",,,,,525,,
"Blest Be the God of Israel",,,,,,275,
"Blest Be the Tie that Binds","Eph 4:3",420,464,295,370,494,
"Blest Is the Man Forever Blest","Ps 32",416,392,,,8,
"Blest the Children of Our God","Eph 1:3-8",,,370,,,
"Bonum Est Confiteri","Ps 92",,663,,,,
"Bow Down Your Ear Almighty Lord",,,,,286,,
"Bread of the World in Mercy Broken",,312,,,,,
"Break Forth O Beauteous Heavenly Light",,118,,,,44,
"Break Forth, O Beauteous Heavenly Light","Is 9:2-7",,,,,,811
"Break Now the Bread of Life",,,,,235,,
"Breathe on Me Breath of God",,,,,488,,
"Brief Life Is Here Our Portion","Heb 13:14",534,448,,,,
"Bright and Glorious is the Sky",,120,,,75,,
"Brightest and Best of the Sons of the Morning","Matt 2:11",169,128,86,84,92,
"Brightest and Best of the Stars of the Morning","Matt 2:11",169,128,86,84,92,
"Brothers and Sisters Let Us Gladly",,,,,,484,
"Built on the Rock the Church doth Stand","Eph 2:19-22",211,467,291,365,529,
"By Adam's Fall is All Forlorn",,430,,,,,
"By All Your Saints in Warfare","per apostle",,,193,177,552,
"By All Your Saints in Warfare","per apostle",,,194,178,552,
"By All Your Saints Still Striving","per apostle",,,193,177,552,
"By All Your Saints Still Striving","per apostle",,,194,178,552,
"By Faith We Are Divinely Sure",,229,,,,,
"By Grace I'm Saved Grace Free and Boundless","Eph 2:8, 9",226,373,351,,384,
"Cantate Domino","Ps 98",,667,,,,
"Chief of Sinners Though I Be ","Rom 5:8",429,342,285,306,385,
"Children of the Heavenly Father","Romans 8:14-17",,,,,,888
"Children of the Heavenly Father",,174,,,474,449,
"Christ Alone is Our Salvation",,484,,,,,
"Christ be My Leader","John 8:12",,,365,,367,
"Christ by Heavenly Hosts Adored","1 Tim 2:1-3",,,499,,617,
"Christ by Heavenly Hosts Adored","Jer 29:7",,566,,,617,
"Christ Has Arisen, Alleluia","Mark 16:6-7",,,,,,828
"Christ High Ascended",,,,,,558,
"Christ is Alive Let Christians Sing",,,,,363,,
"Christ is Arisen","1 Cor 15:20",,187,124,136,144,
"Christ is Made the Sure Foundation","1 Peter 2:5-7",,,,,,865
"Christ is Made the Sure Foundation",,8,,,367,531,
"Christ Is Our Corner-Stone","1 Kings 9:3",,465,290,,528,
"Christ is Risen Alleluia",,,,,131,,
"Christ Is Risen, Christ Is Living","1 Cor 15:12-23",,,,,,833
"Christ is the King O Friends Rejoice",,,,,386,,
"Christ is the World's Light",,,,,,343,
"Christ Jesus lay in Death's Strong Bands","Acts 2:24",343,195,123,134,161,
"Christ Mighty Savior",,567,,,,,
"Christ the Life of All the Living","Matt 26:64-67, 27:33-46",333,151,94,97,114,
"Christ the Lord is Risen Again","Mark 16:6",344,190,,,155,
"Christ the Lord is Risen Today","1 Cor 15:57",,193,142,130,149,
"Christ the Lord is Risen Today!  Alleluia!","Mark 16:6",345,191,137,128,150,
"Christ the Lord to Us is Born","Luke 2:11",,86,69,57,59,
"Christ Thou Art the Sure Foundation","1 Kings 9:3",,466,,367,,
"Christ Whose Glory Fills the Skies","Luke 1:78",,359,480,265,,
"Christ, Mighty Savior","John 1:1-5",,,,,,903
"Christ, When for Us You Were Baptized","Matt 3:13-17",,,,,,815
"Christians Awake Salute the Happy Morn","Luke 2:1-18",,84,,,,
"Christians Come in Sweetest Measures","Gen 2:10",411,282,,,,
"Christians Sing Out with Exultation","1 John 4:2",,100,,,,
"Christians to the Paschal Victim",,,,10,137,,
"Christians While on Earth Abiding","Matt 6:9-13",,,434,440,408,
"Church of God, Elect and Glorious","1 Peter 2:9-10",,,,,,864
"Cold December Flies Away",,,,,53,,
"Come Down O Love Divine","John 14:16",9,,162,508,,
"Come Follow Me Said Christ the Lord","Matt 16:24",422,421,379,455,453,
"Come Follow Me the Savior Spake","Matt 16:24",422,421,379,455,453,
"Come Gracious Spirit Heavenly Dove","John 16:13-14",,,161,475,,
"Come Holy Ghost Creator Blest","John 14:26",10,233,157,472,178,
"Come Holy Ghost Creator Blest","John 14:26",,,158,473,177,
"Come Holy Ghost God and Lord","Acts 2:4",2,224,154,163,176,
"Come Holy Ghost in Love","Ezek. 36.26",11,227,,,,
"Come Holy Ghost Our Souls Inspire","John 14:26",10,233,157,473,178,
"Come Holy Ghost Our Souls Inspire","John 14:26",,,158,472,,
"Come Holy Spirit Come","Ps 51:10-12",,225,,,,
"Come Jesus from the Sapphire Throne","Gen 28:17",,634,,,,
"Come Let Us Eat for Now the Feast is Spread",,,,,214,,
"Come Let Us Join Our Cheerful Songs","Rev 5:12",66,344,204,254,227,
"Come Let Us With Our Lord Arise",,3,,,,,
"Come My Soul Thy Suit Prepare","1 Kings 3:5",381,459,433,,409,
"Come My Soul with All Thy Care","1 Kings 3:5",381,459,433,,409,
"Come My Soul with Every Care","1 Kings 3:5",381,459,433,,409,
"Come My Way My Truth My Life",,,,,513,,
"Come Now Almighty King","Rev 4:8",12,239,169,522,193,
"Come O Almighty King","Rev 4:8",12,239,169,522,193,
"Come O Come Thou Quickening Spirit","Rom 8:15",438,226,165,478,181,
"Come O Long Expected Jesus","Is 9:6",,,22,,6,
"Come O Precious Ransom Come","Matt 21:6",88,55,34,24,8,
"Come Oh Come Life Giving Spirit","Rom 8:15",438,226,165,478,181,
"Come Oh Come O Quickening Spirit","Rom 8:15",438,226,165,478,181,
"Come Oh Come Thou Quickening Spirit","Rom 8:15",438,226,165,478,181,
"Come Rejoice Before Your Maker",,,,,,228,
"Come Rejoicing, Praises Voicing","Luke 2:1-14",,82,,66,,
"Come Risen Lord and Deign to Be Our Guest",,,,,209,,
"Come Thou Almighty King","Rev 4:8",12,239,169,522,193,
"Come Thou Bright and Morning Star","Ps 88:13",75,539,,,,
"Come Thou Fount of Every Blessing",,,,,499,,
"Come Thou Long Expected Jesus",,87,,,30,,
"Come Thou Precious Ransom Come","Matt 21:6",88,55,34,24,8,
"Come to Calvary's Holy Mountain","Matt 11:28",412,149,96,301,106,
"Come unto Me Ye Weary","John 6:37",413,276,345,,336,
"Come With Us O Blessed Jesus",,,,,219,,
"Come Ye Disconsolate","Heb 4:16",,531,,,,
"Come Ye Faithful Raise the Strain","Ex 15:1-21",347,204,141,132,142,
"Come Ye Thankful People Come","Is 9:3",461,574,495,407,613,
"Come You Faithful Raise the Strain","Ex 15:1-21",347,204,141,132,142,
"Come You Thankful People Come","Is 9:3",461,574,495,407,613,
"Come Your Hearts and Voices Raising","Luke 2:15",128,90,48,,42,
"Come, Join in Cana's Feast","John 2:1-11",,,,,,817
"Come, Lord Jesus, Be Our Guest","Ps 145:15-16",,,,,,892
"Come, Risen Lord","Mark 14:12-25",,,,,,856
"Come, Thou Fount of Every Blessing","John 7:37-39",,,,,,876
"Comfort Comfort All My People","Is 40:1-8",102,61,28,29,11,
"Comfort Comfort Now My People","Is 40:1-8",102,61,28,29,11,
"Comfort Comfort Says the Voice","Is 40:1-8",,,21,,,
"Comfort Comfort These My People","Is 40:1-8",102,61,28,29,11,
"Comfort Comfort Ye My People","Is 40:1-8",102,61,28,29,11,
"Commit Whatever Grieves Thee","Ps 37:5",,520,427,,,
"Cradling Children in His Arm","Mark 10:13-16",,,,,,843
"Cradling Children in His Arm",,,,,193,,
"Create in Me a Clean Heart O God","Ps 51",,,,,272,
"Creator of the Starry Height",,108,,,,,
"Creator Spirit by Whose Aid","Rom 8:9",,236,167,164,188,
"Creator Spirit Heavenly Dove","John 16:13-15",,,156,284,,
"Cross of Jesus, Cross of Sorrow","Col 1:19-20",,,,,,823
"Crown Him with Many Crowns","Rev 19:12",55,341,278,170,341,
"Cup of Blessing That We Share",,,,,204,,
"Day of Wrath Oh Day of Mourning","Zeph 1:15, 16",537,607,,,209,
"De Profundis","Ps 130",,664,,,,
"Dear Christians One and All Rejoice","Rom 3:28",378,387,353,299,377,
"Dear Father Who hast Made Us All","Gal 3:27",,299,,,298,
"Dear Father You Have Made Us All","Gal 3:27",,299,,,298,
"Dear Lord and Father of Mankind",,,,,506,,
"Dear Lord to Thy True Servants Give","Is 61:1, 2",,482,,,542,
"Dear Lord to Your True Servants Give","Is 61:1, 2",,482,,,542,
"Dearest Jesus At Your Word","Luke 11:28",,,202,248,,
"Dearest Jesus Draw Thou Near Me",,13,,,,,
"Dearest Jesus We Are Here","Mark 10:13-16",244,300,226,187,295,
"Death is Dead the True Life Liveth",,346,,,,,
"Deep Were His Wounds","1 Peter 2:24",,,,,,821
"Deep Were His Wounds and Red",,,,,100,107,
"Delay Not Delay Not O Sinner Draw Near","Acts 24:25",,278,349,,337,
"Do Not Despair O Little Flock","Luke 12:32",375,263,300,361,,
"Dominus Regit Me","Ps 23",,662,,,,
"Down From the Mount of Glory",,,,,,97,
"Draw Near and Take the Body of the Lord","Ps 34:8",,307,240,226,309,
"Draw Nigh and Take the Body of the Lord","Ps 34:8",,307,240,226,309,
"Draw Us to Thee","Song Solomon 1:4",,215,153,,170,
"Draw Us to Thee in Mind and Heart",,581,,,,,
"Draw Us to You","Song Solomon 1:4",,215,153,,170,
"Drawn to the Cross which Thou hast Blest ","John 12:32",,390,356,,387,
"Drawn to the Cross which You have Blest","John 12:32",,390,356,,387,
"Earth and All Stars","Ps 148",,,438,558,247,
"Eat This Bread","1 Cor 11:23-26",,,,,,854
"Enslaved by Sin and Bound in Chains","1 Pet 1:18, 19",,141,,,102,
"Entrust Your Days and Burdens","Ps 37:5",,,427,,,
"Eternal Father Strong to Save",,,,,467,517,
"Eternal Father, Strong to Save","Mark 4:35-41",,,,,,906
"Eternal God Before Your Throne We Bend",,,,,354,,
"Eternal Ruler of the Ceaseless Round",,,,,373,,
"Eternal Son of God O Thou",,68,,,,,
"Eternal Spirit of the Living Christ","Rom 8:26-27",,,432,441,,
"Even as We Live Each Day","1 Sam 20:3",527,590,265,350,534,
"Evening and Morning","Ps 33:3-6",57,,419,465,430,
"Every Morning Mercies New","Lam 3:23",,537,,,580,
"Every Year the Christ Child","Luke 2:4-7",117,,66,,,
"Faith is a Living Power from Heaven",,361,,,,404,
"Faith of Our Fathers Living Still",,,,,500,,
"Farewell I Gladly Bid Thee","Rev 3:5",535,407,,,,
"Father Eternal Ruler of Creation",,,,,413,,
"Father in Whom We Live","Acts 17:28",,241,,,,
"Father Let Me Dedicate","1 Pet 2:9",,118,,,75,
"Father Most Holy Merciful and Tender","2 Cor 13:14",436,240,175,169,191,
"Father of Glory to Thy Name","Ps 135:1",,248,,,,
"Father of Heaven Whose Love Profound","Rev 4:11",,242,,,,
"Father of Mercies in Thy Word","Ps 119:127",,284,,240,,
"Father of Mercies in Your Word","Ps 119:127",,284,,240,,
"Father Son and Holy Ghost",,509,,,,,
"Father We Praise Thee Now the Night is Over","Ps 91:1-2",76,,482,267,581,
"Father We Praise You Now the Night is Over","Ps 91:1-2",76,,482,267,581,
"Father Who the Light this Day","Gen 1:3",14,8,,,,
"Father, We Thank Thee","John 6:22-58",,,,,,898
"Fear and Love Thy God and Lord",,510,,,,,
"Feed Thy Children God Most Holy","Ps 145:15, 16",599,659,468,,616,
"Feed Your Children God Most Holy","Ps 145:15, 16",599,659,468,,616,
"Fight the Good Fight with All Thy Might","1 Tim 6:12",249,447,299,461,457,
"Fight the Good Fight with All Your Might","1 Tim 6:12",249,447,299,461,457,
"Filled With the Spirit's Power with One Accord",,,,,160,,
"Fling Out the Banner Let It Float",,504,,,,,
"Fling Wide the Door Unbar the Gate","Ps 24","91 & 92",73,24,32,"3 & 4",
"Flung to the Heedless Winds","Acts 7:59",556,259,,,,
"For All the Faithful Women",,,,,,,880
"For All the Saints Who from Their Labors Rest","Heb 12:1",554,463,191,174,551,
"For All Thy Saints O Lord","Rev 7:15",,468,195,176,555,
"For All Your Saints O Lord","Rev 7:15",,468,195,176,555,
"For Christian Homes O Lord We Pray",,,,,,500,
"For Jerusalem You're Weeping","Luke 19:41",,419,390,,,
"For Many Years O God of Grace","Ps 84:1",,639,325,,622,
"For Me to Live Is Jesus","Phil 1:21",473,597,267,,606,
"For Perfect Love So Freely Spent",,,,,216,,
"For the Beauty of the Earth",,463,,,561,,
"For the Bread Which You Have Broken",,,,,200,,
"For the Fruit of All Creation",,,,,563,611,
"For the Fruit of His Creation",,,,,563,611,
"For the Fruits of His Creation","Mark 4:26-27",,,,,,905
"For Thee O Dear Dear Country","Heb 11:16",534,614,,,,
"For Thy Mercy and Thy Grace","Ps 59:16",,121,,,,
"For Years on Years of Matchless Grace",,,,,,621,
"Forever with the Lord","1 Thess 4:17",552,616,,,213,
"Forgive Our Sins as We Forgive","Matt 6:12",,,,,,877
"Forgive Our Sins as We Forgive",,,,,307,493,
"Forgive Us Lord for Shallow Thankfulness","Ps 106:44-47",,,401,,482,
"Forth in the Peace of Christ We Go","Rev 5:10",,,459,,518,
"Forth in Thy Name O Lord I Go","Col 3:17",506,,380,505,456,
"Forth in Your Name O Lord I Go","Col 3:17",506,,380,505,456,
"Founded on Thee Our Only Lord","Matt 16:18",,637,,,,
"From All that Dwell below the Skies","Ps 117",16,15,440,550,250,
"From All Thy Saints in Warfare","per apostle",558,,193,177,,
"From All Thy Saints in Warfare","per apostle",558,,194,178,,
"From Calvary's Cross I Heard Christ Say","Heb 5:7",337,177,108,,,
"From Depths of Woe I Cry to Thee","Ps 130",452,329,230,295,305,
"From Depths of Woe I Cry to You","Ps 130",452,329,230,295,305,
"From East to West From Shore to Shore","Luke 2:7-11",267,,43,64,,
"From Eternity O God","Acts 8:15",220,411,,,461,
"From God can Nothing Move Me","Josh 24:16",465,393,409,468,418,
"From God Shall Naught Divide Me","Josh 24:16",465,393,409,468,418,
"From Greenland's Icy Mountains","Acts 16:9",,495,322,,571,
"From Heaven Above to Earth I Come","Luke 2:1-18",123,85,37,51,38,
"From Heaven Above to Earth I Come","Luke 2:1-18",124,85,37,51,38,
"From Heaven Came the Angels Bright","Luke 2:10, 11",154,103,52,,53,
"From Shepherding of Stars that Gaze","Luke 2:9-12",,,71,63,,
"From God the Father Virgin Born","John 1:14",,,74,83,,
"Fruitful Trees, the Spirit's Sowing","Gal 5:22-23",,,,,,875
"Gentle Mary Laid Her Child","Luke 2:7-11",,,57,,56,
"Give Praise to God Our King",,58,,,,,
"Give Thanks to God on High",,,,,,553,
"Give To Our God Immortal Praise",,,,,520,,
"Glorious in Majesty",,,,,,496,
"Glorious Things of Thee are Spoken","Is 33:20, 21",214,469,294,358,,
"Glorious Things of You are Spoken","Ps 87",214,469,294,358,,
"Glory Be to God in Heaven",,,,,,264,
"Glory Be to God the Father","Rev 19:1",410,244,173,167,239,
"Glory Be to Jesus","1 Pet 1:19",283,158,98,95,103,
"Glory Be to the Father",,,,,,273,
"Glory to God We Give You Thanks","Luke 2:14",,,,,,"p.7"
"Go Labor On",,,,,,563,
"Go My Children With My Blessing",,,,,,332,
"Go Tell it on the Mountain","Luke 2:7-20",,,504,70,57,
"Go to Dark Gethsemane","Lam 3:19",284,159,110,109,104,
"Go, My Children, with My Blessing","Matt 28:20b",,,,,,887
"God Be With You till We Meet Again",,,,,,327,
"God Be With You till We Meet Again",,,,,,327,
"God Bless Our Native Land","Rom 13:1-7",602,577,497,569,619,
"God Brought Me to this Time and Place","1 Sam 7:12",71,33,456,,,
"God has Spoken by His Prophets","Heb 1:1-2",,,343,238,281,
"God Himself is Present","Hab 2:20",,4,206,249,224,
"God Is Here As We His People",,,,,,532,
"God Lord of Sabaoth Thou Who Ordainest","Ps 122:6",,582,,,,
"God Loved the World So that He Gave","John 3:16",403,245,352,292,391,
"God Loves Me Dearly",,175,,,,,
"God Moves in a Mysterious Way","John 13:7",434,514,426,483,420,
"God My Lord My Strength My Place of Hiding",,204,,,484,450,
"God of Grace and God of Glory","Ps 80:14-90",,,398,415,523,
"God of Love and God of Marriage",,,,,,602,
"God of Mercy God of Grace","Ps 67",582,20,,,249,
"God of My Life to Thee I Call","Ps 46",,534,,,,
"God of Our Fathers Whose Almighty Hand","Ps 44:1-8",,,501,567,,
"God of Our Life All Glorious Lord",,,,,270,,
"God of the Prophets Bless the Prophets' Sons","2 Kings 2:9ff",501,483,258,,543,
"God Rest You Merry Gentlemen",,126,,,,,
"God Save Our Gracious Queen",,,,,568,,
"God the Father Be Our Stay","Ps 18:18",18,247,170,308,192,
"God the Father Son and Spirit","Is 54:2, 3",,640,,,623,
"God the Omnipotent King Who Ordainest",,,,,462,,
"God Was There on Calvary",,,,,,140,
"God We Praise You",,42,,,,277,
"God Who Made the Earth and Heaven","Ps 7:17",77,549,492,281,590,
"God Who Madest Earth and Heaven","Ps 7:17",77,549,492,266,590,
"God Who Stretched the Spangled Heavens",,,,,463,,
"God Whose Almighty Word","Gen 1:3",202,508,317,400,,
"God Whose Almighty Word","John 1:1-4",202,508,317,400,,
"God Whose Giving Knows No Ending",,,,,408,,
"God's Own Child I Gladly Say It",,246,,,,,
"God's Own Child, I Gladly Say It","Romans 6:1-10",,,,,,844
"God's Own Son Most Holy","Luke 4:18",141,74,30,312,17,
"God's Word Is Our Great Heritage","Ps 16:6",583,283,333,239,293,
"Good Christian Friends Rejoice","Luke 2:1-14",135,92,47,55,34,
"Good Christian Friends Rejoice and Sing","Ps 118:24",,,129,144,,
"Good News of God Above",,,,,,568,
"Grace Has a Thrilling Sound","Eph 2:5",,374,,,381,
"Grace 'Tis a Charming Sound","Eph 2:5",,374,,,381,
"Gracious God, Again is Ended","Ps 121:1",,560,,,,
"Gracious Savior Gentle Shepherd","Mark 10:14",367,627,475,,508,
"Grant Holy Ghost that We Behold","Ps 19:7",25,293,336,,185,
"Grant Lord Jesus that My Healing","Is 53:4-5",,,95,,,
"Grant Peace We Pray in Mercy Lord","2 Thess 3:16",584,,219,471,522,
"Great God a Blessing From Your Throne",,,,,185,,
"Great God Our Source and Lord of Space",,,,,466,,
"Great God We Praise Thy Gracious Care",,600,,,,,
"Great God We Sing That Mighty Hand","Ps 92:1",,119,,,,
"Great God What do I See and Hear?","1 Thess 4:16, 17",,604,,,208,
"Great Is the Lord Our God","Ps 48:1-8",,636,,,,
"Great Is Thy Faithfulness","Lam 3:22-24",,,,,,899
"Great King of Nations Hear Our Prayer","Ps 65:2",,583,,,,
"Greet Now the Swiftly Changing Year","Ps 65:11",,,183,181,,
"Greet the Rising Sun","Ps 19:1-5",,,,,,902
"Guide Me Ever Great Redeemer","Ex 13:21",262,54,220,343,331,
"Guide Me O Thou Great Jehovah","Ex 13:21",262,54,220,343,331,
"Hail O Once Despised Jesus","Rev 4:11",270,367,284,,351,
"Hail O Once Rejected Jesus","Rev 4:11",270,367,284,,351,
"Hail O Source of Every Blessing","Matt 2:11",,129,84,,87,
"Hail the Day So Rich in Grace","Is 9:6",131,78,,,,
"Hail the Day that Sees Him Rise","Acts 1:9",388,213,,,175,
"Hail Thee Festival Day","Acts 1:9",398,,125,142,179,
"Hail Thee Festival Day","Acts 1:9",,,148,,,
"Hail Thee Festival Day","Acts 1:9-11",,,159,,,
"Hail Thou Once Despised Jesus","Rev 4:11",270,367,284,,351,
"Hail Thou Source of Every Blessing","Matt 2:11",,129,84,,87,
"Hail to the Lord's Anointed","Ps 72",103,59,82,87,93,
"Hallelujah Jesus Lives","John 20:15",,188,,147,,
"Hallelujah Let Praises Ring","Rev 19:1",,,437,,,
"Hark a Thrilling Voice is Sounding","Rom 13:11",96,60,18,37,15,
"Hark the Church Proclaims Her Honor","Eph 1:4",,461,,,530,
"Hark the Glad Sound The Savior Comes","Is 61:1, 2",109,66,29,35,12,
"Hark the Glad Sound The Savior Comes","Luke 4:18",109,66,29,35,12,
"Hark the Herald Angels Sing","Luke 2:14",125,94,49,60,61,
"Hark the Sound of Holy Voices","Rev 7:9, 10",,471,,,,
"Hark the Voice of Jesus Calling","Is 6:8",191,496,318,381,573,
"Hark the Voice of Jesus Crying","Is 6:8",191,496,318,381,573,
"Hark What Mean Those Holy Voices","Luke 2:14",,83,,,,
"Hark! Ten Thousand Harps and Voices","Heb 1:6",,221,,,,
"Have No Fear Little Flock","Luke 12:32",,,410,476,442,
"He is Arisen Glorious Word","Rom 4:25",348,189,520,138,162,
"He Leadeth Me O Blessed Thought",,,,,501,,
"He Stood Before the Court",,,,,,115,
"He that Believes and is Baptized","Mark 16:16",241,301,225,194,299,
"He Whom Shepherds Once Came Praising","Luke 2:7-20",,,54,68,,
"Hear Us Now Our God and Father",,188,,,288,603,
"Heavenly Father Hear Our Prayer",,,,,289,,
"Help Us O Lord Behold We Enter","Heb 13:8",,120,,,70,
"Help Us O Lord for Now We Enter","Heb 13:8",,120,,,70,
"Herald Sound the Note of Judgment",,,,,556,,
"Here in Thy Name Eternal God","2 Chron 6:20",,635,,,,
"Here is the Tenfold Sure Command","Ex 20:1-17",490,287,331,,285,
"Here O Lord I See You Face to Face","Matt 26:26-28",,,243,211,315,
"Here O My Lord I See You Face to Face","Matt 26:26-28",,,243,211,315,
"He's Risen He's Risen Christ Jesus the Lord","1 Cor 15:55",350,198,138,,143,
"His Battle Ended There",,,,,,146,
"Holy Father in Thy Mercy","Gen 31:49",576,643,469,,504,
"Holy Father in Your Mercy","Gen 31:49",576,643,469,,504,
"Holy Ghost Dispel Our Sadness",,20,,,,,
"Holy Ghost with Light Divine","1 Thess 5:23",402,234,166,,278,
"Holy God We Praise Thy Name","Luke 2:14",43,250,171,535,278,
"Holy God We Praise Your Name","Luke 2:14",43,250,171,535,195,
"Holy Holy Holy Lord God Almighty","Rev 4:8",15,246,168,165,,
"Holy Majesty Before You",,,,,247,,
"Holy Spirit Ever Dwelling","1 Cor 2:14-16",,,164,523,182,
"Holy Spirit God of Love","John 15:26",,230,,,180,
"Holy Spirit Hear Us","1 Cor 12:7-9",,229,,,,
"Holy Spirit Light Divine","1 Thess 5:23",,234,166,257,183,
"Holy Spirit Truth Divine","1 Thess 5:23",,234,166,257,183,
"Holy Spirit, Gift of God","1 Cor 12:3",,,,,,835
"Holy, holy, holy Lord, God",,,,,,,"p.11"
"Hope of the World Thou Christ of Great Compassion","Ps 146:5-10",,,377,493,,
"Hosanna Loud Hosanna","Matt 21:15",279,161,106,,130,
"Hosanna Now Through Advent","Mark 13:26-27",,,16,,,
"Hosanna to the Coming Lord","Matt 21:9",,70,,258,21,
"Hosanna to the Living Lord","Matt 21:9",,70,,258,21,
"How Beauteous Are Their Feet","Is 52:7",192,487,,,,
"How Blessed is the Little Flock",,585,,,,,
"How Blessed is this Place O Lord","Gen 28:16-18",,,327,186,,
"How Blest Are They",,,,,,607,
"How Blest Are They Who Hear God's Word","Is 61:3",586,48,222,227,325,
"How Can I Thank Thee Lord","Ps 50:14",423,417,385,,460,
"How Can I Thank You Lord","Ps 50:14",423,417,385,,460,
"How Clear Is Our Vocation, Lord","Luke 5:1-11",,,,,,879
"How Fair the Church of Christ Shall Stand",,418,,,,,
"How Firm a Foundation O Saints of the Lord","Is 43:1-7",521,427,411,507,416,
"How Firm a Foundation Ye Saints of the Lord","Is 43:1-7",521,427,411,507,416,
"How Good Lord to be Here","Matt 17:1-8",,135,89,89,95,
"How Great Thou Art","Ps 92:5",,,519,532,256,
"How Lovely Shines the Morning Star","Lam 3:22, 23",167,546,,,79,
"How Lovely Shines the Morning Star","Rev 22:16",167,343,,76,,
"How Marvelous God's Greatness",,,,,515,,
"How Precious Is the Book Divine","Ps 119:105",232,285,332,,284,
"How Rich at Eastertide",,349,,,,,
"How Shall the Young Secure Their Hearts ","Ps 119:9",176,286,474,,509,
"How Shall They Hear the Word of God","Romans 10:14-15",,,,,,868
"How Shall They Hear the Word of God",,,,,,575,
"How Sweet the Name of Jesus Sounds","Song Solomon 1:3",155,364,279,345,358,
"I Am Alone Your God and Lord",,488,,,,,
"I am Content My Jesus Ever Lives","John 11:25",,196,145,,158,
"I Am Content My Jesus Lives Again","John 11:25",,196,145,,158,
"I Am Content My Jesus Liveth Still","John 11:25",,196,145,,158,
"I Am Jesus' Little Lamb","John 21:15",177,648,517,,432,
"I Am So Glad Each Christmas Eve","Luke 2:4-7",127,,56,69,51,
"I am so Glad When Christmas Comes","Luke 2:4-7",127,,56,69,51,
"I Am Trusting Thee Lord Jesus","Acts 2:38",206,428,408,460,446,
"I Am Trusting You Lord Jesus","Acts 2:38",206,428,408,460,446,
"I Bind Unto Myself Today","Rom 6:4",,,172,188,,
"I Come O Savior to Thy Table","1 Cor 11:28",313,315,242,213,310,
"I Come O Savior to Your Table","1 Cor 11:28",313,315,242,213,310,
"I Come to Thee O Blessed Lord","John 6:37",495,330,,,,
"I do Not Come Because My Soul","Rom 7:19-25",,379,,,,
"I Fall Asleep in Jesus' Wounds","Luke 2:29",530,585,,,608,
"I Gave My Life for Thee","Phil 1:27",,405,,,454,
"I Hear the Savior Calling",,,,,,560,
"I Heard the Voice of Jesus Say","John 6:35",,277,348,497,338,
"I Know My Faith is Founded","2 Tim 1:12",494,381,354,,403,
"I Know of a Sleep in Jesus' Name","Rev 14:13",525,592,,342,211,
"I Know that My Redeemer",,373,,,,,
"I Know that My Redeemer Lives","Job 19:25-27",351,200,264,352,152,
"I Know Thee Savior God Thou Art",,307,,,,,
"I Lay My Sins on Jesus","John 1:29",239,652,366,305,372,
"I Leave All Things to God's Direction","Rom 8:28",,529,429,,414,
"I Love as You Have Promised Lord","Luke 2:29-32",48,137,185,349,269,
"I Love Thy Kingdom Lord","Ps 137",,462,296,368,533,
"I Love to Tell the Story",,,,,390,562,
"I Love Your Kingdom Lord","Ps 137",,462,296,368,533,
"I Pray Thee Dear Lord Jesus","1 John 3:23",178,655,476,,510,
"I Pray You Dear Lord Jesus","1 John 3:23",178,655,476,,510,
"I See Thee Standing Lamb of God",,70,,,,,
"I Sing the Birth Was Born Tonight",,130,,,,,
"I Stand Beside Thy Manger Here",,129,,,,,
"I Trust O Christ in You Alone","Rom 3:25",415,319,357,395,437,
"I Walk in Danger All the Way","1 Pet 5:8",252,413,391,,431,
"I Will Sing My Father's Praises","Eph 5:19,20",448,25,439,,253,
"I Will Sing My Maker's Praises","Eph 5:19,20",448,25,439,,253,
"I Would Not Live Alway I Ask Not to Stay","Job 7:16",,588,,,,
"If God Had Not Been on Our Side","Ps 124",396,267,,,202,
"If God Himself Be For Me","Rom 8:31-39",517,528,407,454,419,
"If Thou But Suffer God to Guide Thee","Ps 55:22",205,518,420,453,444,
"If Thy Beloved Son O God","Gal 2:16",374,375,,,393,
"If You but Trust in God to Guide You","Ps 55:22",205,518,420,453,444,
"If Your Beloved Son O God","Gal 2:16",374,375,,,393,
"I'm But a Stranger Here","Heb 4:9",474,660,515,,417,
"Immortal Invisible God Only Wise","1 Tim 1:17",,,451,526,240,
"In a Lowly Manger Born",,,,,417,,
"In Adam We Have All Been One","Rom 5:14",431,,292,372,396,
"In All Our Grief","Eph 4:25-32",,,,,,847
"In Christ There is No East or West",,,,,359,539,
"In God My Faithful God","Ps 7:1",467,526,421,,438,
"In Heaven Above In Heaven Above",,542,,,330,,
"In Heaven Is Joy and Gladness",,482,,,,,
"In His Temple Now Behold Him","Luke 2:22",,139,186,184,77,
"In Hope My Soul Redeemed to Bliss Unending","Rom 5:5",,432,,,,
"In House and Home Where Man and Wife","Ps 128",189,624,,,,
"In Jesus I Find My Rest and Peace",,437,,,,,
"In Jesus Name",,4,,,,,
"In Loud Exalted Strains","Gen 28:17",,638,,,,
"In One True God We All Believe","Apostle's Creed",,253,,,,
"In Peace and Joy I Now Depart","Luke 2:29-32",48,137,185,349,269,
"In Silent Pain the Eternal Son","Matt 10:34-39",,,,,,824
"In the Cross of Christ I Glory","Gal 6:14",523,354,101,104,345,
"In the Hour of Trial","Luke 22:31, 32",,516,511,106,116,
"In the Midst of Earthly Life","1 Sam 20:3",527,590,265,350,534,
"In the Name which Earth and Heaven","2 Chron 6:20",,632,,,,
"In the Quiet Consecration",,,,,223,,
"In the Resurrection","Job 19, 25-27",,603,,,,
"In the Very Midst of Life","1 Sam 20:3",527,590,265,350,534,
"In Thee Alone O Christ My Lord","Rom 3:25",415,319,357,395,437,
"In Thee is Gladness","1 Pet 1:6-9",149,,442,552,346,
"in Thee Lord have I Put My Trust","Ps 31:1-5",524,524,406,,448,
"In This Our Happy Christmastide",,150,,,,,
"In Trembling Hands Lord God We Hold",,,,,,199,
"In Vain Would Boasting Reason Find",,254,,,,,
"In You is Gladness","1 Pet 1:6-9",149,,442,552,346,
"In You Lord I have Put My Trust","Ps 31:1-5",524,524,406,,448,
"In You O Lord I Put My Trust","Ps 31:1-5",524,524,406,,448,
"Infant Holy Infant Lowly",,,,,44,,
"Infant Holy, Infant Lowly","Luke 2:1-20",,,,,,812
"Invited, Lord, by Boundless Grace","1 Cor 11:26",,308,,,,
"Isaiah in a Vision Did of Old","Is 6:1-4",40,249,214,528,267,
"Isaiah Mighty Seer in Days of Old","Is 6:1-4",40,249,214,528,267,
"Isaiah Mighty Seer in Spirit Soared","Is 6:1-4",40,249,214,528,267,
"It Came Upon the Midnight Clear","Luke 2:13-14",,,62,54,,
"It Happened on that Fateful Night","1 Cor 11: 23ff",,164,,127,136,
"It Is Not Death to Die","John 11:26",,602,,,,
"Jehovah, Let Me Now Adore Thee","John 16:23",,21,446,,189,
"Jehovah, Let Me Now Adore You","John 16:23",,21,446,,189,
"Jerusalem My Happy Home","Ps 42:2",539,618,307,331,215,
"Jerusalem the Golden","Rev 21:18",534,613,309,347,214,
"Jerusalem Thou City Fair and High","Matt 17:1-9",541,619,306,348,212,
"Jerusalem Whose Towers Touch the Skies","Matt 17:1-9",541,619,306,348,212,
"Jerusalm O City Fair and High","Matt 17:1-9",541,619,306,348,212,
"Jesus All Our Ransom Paid","John 19:30",,185,,,,
"Jesus All Thy Labor Vast","Luke 23:46",,186,,,,
"Jesus and Shall It Ever Be","Mark 8:38",471,346,,,347,
"Jesus Brightness of the Father","Ps 91:11",547,257,,,,
"Jesus Calls Us o'er the Tumult","John 1:40",,270,,494,463,
"Jesus Came the Heavens Adoring","Zech 9:9",89,56,,,26,
"Jesus Christ is Risen Today Alleluia!","Rev 1:18",352,199,127,151,157,
"Jesus Christ My Pride and Glory","Luke 2:41-52",,408,,,464,
"Jesus Christ My Sure Defense","1 Cor 15:35ff",532,206,266,340,167,
"Jesus Christ Our Blessed Savior","Heb 10:12",316,311,236,,313,
"Jesus Christ Our Blessed Savior","Heb 10:12",317,311,237,,,
"Jesus Christ Our Lord Most Holy","Matt 27:50-53",285,169,,,,
"Jesus Grant that Balm and Healing","1 Pet 2:24",293,144,95,,121,
"Jesus Has Come and Brings Pleasures Eternal","Luke 1:68-79",,,78,,,
"Jesus I Live to Thee","Rom 14:8",,591,,,,
"Jesus I My Cross have Taken","Luke 18:28",424,423,,,465,
"Jesus I Will Never Leave","Luke 9:57",362,365,,,,
"Jesus I Will Ponder Now","Luke 18:31-34",287,140,109,115,98,
"Jesus in Thy Dying Woes","Luke 23:34",,180,112,113,139,
"Jesus in Thy Thirst and Pain","John 19:28",,184,,,,
"Jesus in Your Dying Woes","Luke 23:34",,180,112,113,139,
"Jesus in Your Dying Woes","Luke 23:34",,180,112,113,139,
"Jesus Jesus Only Jesus","Eph 3:19",379,348,,,348,
"Jesus Lead Thou On","Luke 5:11",587,410,386,341,422,
"Jesus Lead Us On","Luke 5:11",587,410,386,341,422,
"Jesus Lives The Victory's Won","Rom 8:11",353,201,139,133,145,
"Jesus Lover of My Soul","Is 32:2",209,345,508,,357,
"Jesus Loves Me",,179,,,,,
"Jesus My Great High Priest","Heb 9:11, 12",289,220,,,359,
"Jesus My Truth My Way","John 14:6",,433,,,,
"Jesus Name of Wondrous Love","Luke 1:31",156,114,182,,76,
"Jesus O how Could It be True","Mark 8:38",,,393,,,
"Jesus on the Mountain Peak","Matt 17:1-8",,,,,,818
"Jesus Pitying the Sighs","Luke 23:43",,181,,,,
"Jesus Priceless Treasure","Matt 13:46",263,347,270,457,349,
"Jesus Priceless Treasure","Matt 13:46",264,347,270,458,349,
"Jesus Refuge of the Weary","Mark 15:29, 30",240,145,90,93,108,
"Jesus Sat With His Disciples","Matt 5:1-12",,,,,,912
"Jesus Savior Come to Me","Is 26:9",,356,,,,
"Jesus Savior Pilot Me","John 21:15",,649,513,334,433,
"Jesus Shall Reign Where'er the Sun","Ps 72",193,511,312,530,84,
"Jesus Shepherd in Your Arms","Matt 18:2",,595,269,,,
"Jesus Shepherd of the Sheep",,,,,,436,
"Jesus Sinners Does Receive","Luke 15:2",426,324,229,291,304,
"Jesus Sinners Doth Receive","Luke 15:2",426,324,229,291,304,
"Jesus Sinners Will Receive","Luke 15:2",426,324,229,291,304,
"Jesus Still Lead On","Luke 5:11",587,410,386,341,422,
"Jesus Sun of Righteousness",,84,,,,,
"Jesus Tender Shepherd Hear Me",,568,,,,,
"Jesus the Very Thought of Thee","Song Solomon 1:3",315,350,,316,,
"Jesus the Very Thought of You","Song Solomon 1:3",315,350,,316,,
"Jesus Thou Art Mine Forever","Ps 78:24",,357,,,,
"Jesus Thou Joy of Loving Hearts",,318,,,,,
"Jesus Thy Blood and Righteousness","1 John 1:7",432,371,362,302,376,
"Jesus Thy Boundless Love to Me","John 14:15",372,349,280,336,479,857
"Jesus Thy Church with Longing Eyes","Rev 1:7",,64,,,,
"Jesus Whelmed in Fears Unknown","Matt 27:46",,183,,,,
"Jesus Your Blood and Righteousness","1 John 1:7",432,371,362,302,376,
"Jesus Your Boundless Love so True","John 14:15",372,349,280,336,479,857
"Jesus Your Boundless Love to Me","John 14:15",372,349,280,336,479,857
"Jesus Your Church with Loving Eyes",,,,,,9,
"Jesus, Loving to the End","John 19:26-27",,182,,,,
"Jesus, Remember Me","Luke 23:42",,,,,,827
"Jesus, Remember Me","Luke 23:42",,,,,,827
"Jesus, Thy Boundless Love to Me","John 15:9-13",,,,,,857
"Join All the Glorious Names","Heb 9:11, 12",289,220,,,359,
"Joy to the World the Lord is Come","Luke 2:10",138,87,53,39,62,
"Joy to the World the Lord is Come","Ps 98",138,87,53,39,62,
"Joyful Joyful We Adore Thee",,,,,551,,
"Jubilate Deo","Ps 100",,666,,,,
"Judge Eternal Throned in Splendor","Ps 59:16",,576,,418,,
"Just as I am without One Plea","John 6:37",319,388,359,296,397,
"King of Glory King of Peace",,442,,,,,
"Kyrie","Mark 10:47",,,,,,913
"Kyrie God Father in Heaven Above","Ps 28:2",34,6,209,168,266,
"Lamb of God Pure and Holy","John 1:29",41,146,208,111,268,
"Lamb of God Pure and Sinless","John 1:29",41,146,208,111,268,
"Lamb Of God We Fall before Thee","Heb 12:2",,358,,,354,
"Lamb Of God We Fall before You","Heb 12:2",,358,,,354,
"Lamp of Our Feet Whereby We Trace","Ps 119:105",,291,,,,
"Lead On O King Eternal",,,,,495,,
"Let All Mortal Flesh Keep Silence","Matt 26:28",,,241,198,361,
"Let All the World In Every Corner Sing",,22,,,,,
"Let All Things Now Living",,,,,557,260,
"Let All Together Praise Our God","Luke 2:1-14",148,105,44,47,41,
"Let Children hear the Mighty Deeds","Ps 78",180,629,472,,512,
"Let Me Be Thine Forever","Rom 6:16",427,334,257,490,596,
"Let Me Be Yours Forever","Rom 6:16",427,334,257,490,596,
"Let Our Gladness Have No End","Rom 8:32-33",,,69,57,,
"Let Songs of Praises Fill the Sky","Rom 5:5",,232,,,,
"Let the Earth Now Praise the Lord","Luke 24:27",165,91,33,,28,
"Let the Whole Creation Cry",,,,,242,,
"Let Thoughtless Thousands Choose the Road","Phil 1:21",,608,,,466,
"Let Us All with Gladsome Voice","2 Cor 8:9",134,97,42,,64,
"Let Us Break Bread Together on Our Knees",,,,,212,,
"Let Us Ever Walk with Jesus ","John 11:16",236,409,381,487,452,
"Let Us With a Gladsome Mind",,,,,521,,
"Levavi Oculos","Ps 121",,665,,,,
"Lift Every Voice and Sing",,,,,562,,
"Lift High the Cross the Love of Christ Proclaim","Heb 13:12-15",194,,311,377,579,
"Lift Up Your Heads Ye Mighty Gates","Ps 24","91 & 92",73,23,32,"3 & 4",
"Lift Up Your Heads You Mighty Gates","Ps 24","91 & 92",73,24,32,"3 & 4",
"Lift Up Your Heads, O Gates","Ps 24:7-10",,,,,,804
"Light of the Minds that Know Him",,425,,,,,
"Like the Golden Sun Ascending","Acts 2:32",354,207,,,147,
"Listen, God Is Calling","Mark 16:15",,,,,,872
"Lo God to Heaven Ascendeth","Ps 47:5-7",391,214,,,,
"Lo He Comes with Clouds Descending","Rev 1:7",98,,15,27,29,802
"Lo How a Rose e're Blooming","Is 11:1-2",121,645,67,58,47,
"Lo How a Rose is Growing","Is 11:1-2",121,645,67,58,47,
"Lo Judah's Lion Wins the Strife","Rev 5:5",,211,146,,,
"Lo Many Shall Come from the East and the West","Matt 8:11, 12",200,415,464,313,,
"Lo!  He Comes with Clouds Descending","Rev 1:7",,,15,,,802
"Long Before the World Is Waking","John 21:1-17",,,,,,832
"Look from Thy Sphere of Endless Day","Is 35",,499,,402,,
"Look from Your Sphere of Endless Day","Is 35",,499,,402,,
"Look Now He Stands Stones Could Not Hold Him Down",,,,,152,,
"Look O Look the Sight is Glorious",,390,,,156,,
"Look Oh Look the Sight is Glorious",,390,,,156,,
"Look Toward the Mountain of the Lord","Ex 19:16",,,310,,,
"Look Toward the Mountain of the Lord","Heb 12:18-24",,,310,,,
"Look Ye Saints the Sight Is Glorious","Phil 2:9-11",,222,,,,
"Lord as a Pilgrim Through Life I Go",,,,,485,,
"Lord as Thou Wilt Deal Thou with Me","Ps 40:8",219,406,,,,
"Lord Christ When You First Came to Earth",,,,,421,,
"Lord Dismiss Us with Thy Blessing","Num 6:24-26",588,50,218,259,329,
"Lord Dismiss Us with Your Blessing","Num 6:24-26",588,50,218,259,329,
"Lord Enthroned in Heavenly Splendor","Rev 5:11-14",,,281,172,352,
"Lord God the Holy Ghost",,,,,162,,
"Lord God to You We All Give Praise","Heb 1:14",545,254,189,,196,
"Lord God We All to Thee Give Praise","Heb 1:14",545,254,189,,196,
"Lord God Who Art My Father Dear",,386,,,,,
"Lord Hear the Voice of My Complaint",,255,,,,,
"Lord Help Us ever to Retain","Ex 20:1-17",551,288,477,,514,
"Lord Help Us ever to Retain","Ps 119:9-12",551,288,477,,514,
"Lord It Belongs Not to My Care","Phil 1:21",,527,,,,
"Lord Jesus Christ Be Present Now","Ps 95:2",23,3,201,253,230,
"Lord Jesus Christ Life Giving Bread","John 6:48",322,312,248,,,
"Lord Jesus Christ My Life My Light","Luke 23:33",291,148,,,,
"Lord Jesus Christ My Savior Blest","Ps 119:170",258,353,,,362,
"Lord Jesus Christ the Children's Friend","Ps 78:1-8",,,470,,513,
"Lord Jesus Christ the Church's Head","Col 2:10",212,477,293,,536,
"Lord Jesus Christ Thou hast Prepared","1 Cor 11:26",,306,246,208,312,
"Lord Jesus Christ Thou Living Bread","John 6:48",322,312,248,,,
"Lord Jesus Christ True Man and God",,238,,,,,
"Lord Jesus Christ We Humbly Pray","1 Cor 10:17",311,314,250,225,,
"Lord Jesus Christ Will You not Stay","Luke 24:29",511,292,344,,541,
"Lord Jesus Christ with Us Abide","Luke 24:29",511,292,344,,541,
"Lord Jesus Christ You Have Bestowed",,320,,,,,
"Lord Jesus Christ You Have Prepared","1 Cor 11:26",,306,246,208,312,
"Lord Jesus Christ You Set Us Free","Heb 13:15",,173,,,123,
"Lord Jesus Think on Me ","Ps 119:133",496,320,231,309,,
"Lord Jesus Thou art Going Forth","John 19:16-17",,150,,,,
"Lord Jesus Thou the Church's Head","Col 2:10",212,477,293,,536,
"Lord Jesus Though but Two or Three",,5,,,,,
"Lord Jesus We Give Thanks to Thee","Heb 13:15",,173,,,123,
"Lord Jesus Who art Come","1 Cor 4:1",503,485,,,,
"Lord Jesus You are Going Forth",,,,,,126,
"Lord Jesus You Have Come",,,,,,546,
"Lord Keep Us Steadfast in Thy Word","John 8:31",589,261,334,230,203,
"Lord Keep Us Steadfast in Your Word","John 8:31",589,261,334,230,203,
"Lord Lead the Way the Savior Went","Matt 25:40",,440,,,,
"Lord of All Good","Rom 12:1",,,,,,884
"Lord of All Good Our Gifts We Bring You Now",,,,,411,483,
"Lord of All Hopefulness Lord of All Joy","Ps 55:16-17",59,,,469,,886
"Lord of All Nations Grant Me Grace",,,,,419,521,
"Lord of Glory Who hast Bought Us","Acts 20:35",459,442,402,424,486,
"Lord of Glory You have Bought Us","Acts 20:35",459,442,402,424,486,
"Lord of Light Your Name Outstanding",,,,,405,,
"Lord of Lords the Sparkling Heavens",,,,,,237,
"Lord of My Life Whose Tender Care","Ps 95:6",,24,,,232,
"Lord of Our Growing Years",,,,,,507,
"Lord of Our Life and God of Our Salvation","Ps 79:9",439,258,301,366,,
"Lord of the Church We Humbly Pray","Is 6:7",502,489,261,,,
"Lord of the Harvest Hear","Matt 9:38",,488,,,,
"Lord of the Home",,,,,,502,
"Lord of the Living Harvest","Luke 10:2",,492,260,,559,
"Lord of the Worlds Above","Ps 84",,480,,,,
"Lord Open Now My Heart to Hear","Ps 119:140",24,5,197,,282,
"Lord Open Thou My Heart to Hear","Ps 119:140",24,5,197,,282,
"Lord Our God With Praise We Come Before You",,,,,244,,
"Lord Receive this Company",,,,,255,,
"Lord Save Your World in Bitter Need",,,,,420,,
"Lord Speak to Us That We May Speak",,,,,403,561,
"Lord Take My Hand and Lead Me","Ps 5:8",210,,512,333,439,
"Lord Teach Us How to Pray Aright",,382,,,438,412,
"Lord Thee I Love with All My Heart","Ps 18",406,429,413,325,434,
"Lord Tis Not that I did Choose Thee","John 15:16",222,37,,,380,
"Lord Tis Not that I did Choose You","John 15:16",222,37,,,380,
"Lord to Thee I Make Confession","Ps 139:7-10",450,326,233,,302,
"Lord to You I Make Confession","Ps 139:7-10",450,326,233,,302,
"Lord to You Immortal Praise","Hab 3:17, 18",,572,496,,612,
"Lord We Come before Thee Now","Ps 27:8",,18,,,,
"Lord We Confess Our Numerous Faults","Titus 3:3, 7",,382,,,398,
"Lord When We Bend before Thy Throne","Ps 32:1",,22,,,,
"Lord When You Came as Welcome Guest","John 2:1-11",,620,252,,,
"Lord When Your Glory I Shall See",,,,,,219,
"Lord While for All Mankind We Pray","Rom 13:1-7",,578,502,,,
"Lord While for Humankind We Pray","Rom 13:1-7",,578,502,,,
"Lord Who at Cana's Wedding-Feast","John 2:1-11",,620,252,,,
"Lord Who the Night You Were Betrayed Did Pray",,,,,206,,
"Lord Whose Love in Humble Service","Rom 12:1",,,,423,,882
"Lord With Glowing Heart I'd Praise Thee",,,,,243,,
"Lord You I Love with All My Heart","Ps 18",406,429,413,325,434,
"Lord You Love the Cheerful Giver",,,,,,489,
"Lord, Bid Your Servant Go in Peace","Luke 2:29-32",,,,,,911
"Lord, Bid Your Servant Go in Peace","Luke 2:29-32",,,,,,911
"Lord, Have Mercy on Us",,,,,,,"p.7"
"Lord, Whose Love through Humble Service","Rom 12:1",,,,,,882
"Lost in the Night Do the People Yet Languish",,,,,394,,
"Love Consecrates the Humblest Act",,,,,122,,
"Love Divine All Love Excelling","Ps 106:4",407,351,286,315,365,
"Love in Christ is Strong and Living","John 14:23",,,376,,490,
"Love is the Gracious Gift",,,,,,505,
"Magnificat","Luke 1:46",,,,,,803
"Make Songs of Joy to Christ Our Head","1 Cor 15:55-57",,,132,150,,
"Maker of the Earth and Heaven",,,,,266,,
"Master of Eager Youth",,183,,,,,
"May God Bestow on Us His Grace","Ps 67",591,500,288,335,574,
"May God Embrace Us with His Grace","Ps 67",591,500,288,335,574,
"May God the Father of Our Lord","1 Pet 5:10",,,254,,597,
"May the Grace of Christ Our Savior",,,,,,326,
"May the Mind of Christ My Savior",,,,,,467,
"May We Thy Precepts Lord Fulfill","Matt 6:10",,412,389,353,458,
"May We Your Precepts Lord Fulfill","Matt 6:10",,412,389,353,458,
"Morning Breaks upon the Tomb","Luke 24:3",,203,,,159,
"Most Ancient of All Mysteries",,419,,,,,
"My Country Tis of Thee",,,,,566,,
"My Course is Run, Praise God, My Course is Run","2 Tim 4:7",528,599,,,,
"My Faith Looks Trustingly","Eph 3:12",184,394,378,479,402,
"My Faith Looks Up to Thee","Eph 3:12",184,394,378,479,402,
"My God Accept My Heart This Day ","Ps 119:10",512,336,,,,
"My God and Is Thy Table Spread",,323,,,,,
"My God How Wonderful Thou Art",,,,,524,,
"My God My Father Make Me Strong","Ps 143:8",,424,,,468,
"My God My Father While I Stray","Matt 26:42",,418,,,,
"My God Will Never Leave Me","Josh 24:16",465,393,409,468,418,
"My Heart is Longing to Praise My Savior",,61,,,326,364,
"My Hope is Built on Nothing Less","1 Tim 1:1",197,370,368,293,382,
"My Hope is Built on Nothing Less","1 Tim 1:1",,370,368,294,,
"My Inmost Heart Now Raises","Ps 118:1",79,548,,,,
"My Jesus as Thou Wilt","Mark 14:36",,420,,,,
"My Maker Be Thou Nigh","Ps 119:8",513,335,255,,598,
"My Maker Be With Me","Ps 119:8",513,335,255,,598,
"My Maker Now be Nigh","Ps 119:8",513,335,255,,598,
"My Savior Sinners Doth Receive","Luke 15:2",,386,,,,
"My Shepherd Will Supply My Need",,,,,,374,
"My Song is Love Unknown","Is 53",303,,91,94,110,
"My Soul Be on Thy Guard","1 Thess 5:6",,449,,,,
"My Soul doth Magnify the Lord","Luke 1:47-55",47,275,211,180,274,
"My Soul Now Bless Thy Maker","Ps 103",456,34,453,519,257,
"My Soul Now Bless Your Maker","Ps 103",456,34,453,519,257,
"My Soul now Magnifies the Lord","Luke 1:47-55",47,275,211,180,274,
"My Soul now Praise Your Maker","Ps 103",456,34,453,519,257,
"My Soul Rejoices",,,,,,,"p.19"
"My Soul's Best Friend What Joy and Blessing","Song Solomon 5:16",,362,,,,
"My Spirit on Thy Care","Ps 31",,435,,,,
"Nature with Open Volume Stands",,199,,,119,,
"Near the Cross Was Mary Weeping",,294,,,,,
"Nearer My God to Thee","Gen 28:10-19",,533,514,,,
"New Songs of Celebration Render","Ps 98:1",,,,,,897
"No Temple Now, No Gift of Price","Heb 9:11-28",,,,,,861
"No Tramp of Soldiers' Marching Feet","Luke 19:37-38",,,,,,826
"Not All the Blood of Beasts","Heb 10:4",305,156,99,,128,
"Not Alone for Mighty Empire",,,,,143,,
"Not for Tongues of Heaven's Angels",,,,,,495,
"Not in Anger Mighty God",,454,,,,423,
"Not Unto Us","Ps 115:1",,,,,,874
"Not Unto Us",,,,,,392,
"Not What These Hands have Done","Eph 2:8, 9",433,389,,,,
"Now All the Vault of Heaven Resounds","Rev 7:11-12",,,131,143,,
"Now All the Woods are Sleeping",,,,,276,,
"Now Are the Days Fulfilled","Gal 4:4",164,99,,,,
"Now Christ is Risen",,355,,,,,
"Now Christ the Sinless Son of God",,248,,,,,
"Now Greet the Swiftly Changing Year","Ps 65:11",,,,,,837
"Now Hail the Day So Rich in Cheer","Is 9:6",131,78,,,,
"Now Hush Your Cries and Shed No Tear",,480,,,,,
"Now I have Found the Firm Foundation","1 Cor 3:11",,385,360,,386,
"Now I have Found the Ground Wherein",,499,,,,,
"Now Is Eternal Life","Col 3:1-4",,,,,,834
"Now Lay We Calmly in the Grave",,476,,,,,
"Now Let All Loudly Sing Praise","1 Chron 29:11, 12",,28,,,258,
"Now Let Triumphant Faith Dispel",,260,,,,,
"Now Let Us Come Before Him","Ps 91:1",,122,184,,74,
"Now May He Who from the Dead","Heb 13:20, 21",19,51,,,,
"Now Praise We Christ the Holy One","Phil 2:6, 7",267,104,,,39,
"Now Rest Beneath Night's Shadow","Ps 139:11",569,554,485,282,587,
"Now Sing We Now Rejoice","Luke 2:1-14",135,92,47,55,34,
"Now Thank We All Our God","Ecclus 50:22-24",63,36,443,533,610,
"Now Thank We All Our God","Ecclus 50:22-24",63,36,443,534,610,
"Now that the Day hath Reached Its Close","Ps 139:12",,561,,,,
"Now that the Daylight Fills the Sky",,,,,268,583,901
"Now the Day Is Over","Prov 3:24",560,654,491,280,589,
"Now the Green Blades Rise from the Buried Grain",,,,,148,,
"Now the Hour of Worship O'er","Ps 121:8",,45,,,330,
"Now the Light has Gone Away","Ps 3:5",570,653,503,,593,
"Now the Shades of Night are Gone","Ps 121",,538,,,,
"Now the Silence",,,,,205,231,848
"Now We Join in Celebration",,,,,203,,
"Now, My Tongue, the Mystery Telling","1 Cor 11:23-26",,,,,,852
"O Bless the Lord My Soul","Ps 108:1-7",60,27,457,,238,
"O Bless the Lord My Soul",,369,,,,,
"O Blessed Day When First was Poured","Gal 4:4-5",157,115,,,,
"O Blessed Holy Trinity","Ps 5:3",80,541,479,,584,
"O Blessed Home Where Man and Wife","Ps 128",189,624,,,,
"O Blessed Sun Whose Splendor",,531,,,,,
"O Blest the House Whate'er Befall","Luke 2:41-52",190,625,467,512,506,
"O Bread of Life From Heaven",,266,,,222,,
"O Bride of Christ Rejoice","Luke 19:28-40",104,57,20,,134,
"O Chief of Cities Bethlehem","Matt 2:1-2, 10-11",,,76,81,,
"O Christ Our Hope Our Heart's Desire","1 Pet 2:24",397,,151,300,,
"O Christ Our King Creator Lord",,,,,101,,
"O Christ Our Light O Radiance True","Luke 1:79",198,512,314,380,569,
"O Christ Our True and Only Light","Luke 1:79",198,512,314,380,569,
"O Christ the Healer We Have Come",,,,,360,,
"O Christ You Are the Light and Day","John 8:12",571,559,,273,,
"O Christ, Thou Lamb of God","John 1:29",,147,,103,,
"O Christ, Who Art the Light and Day","John 8:12",571,559,,273,,
"O Christians Haste",,,,,,570,
"O Come All Ye Faithful","Luke 2:15",133,102,41,45,55,
"O Come O Come Emmanuel","Is 59:20",110,62,31,34,23,
"O Darkest Woe","Acts 3:15",332,167,122,,137,
"O Day Full of Grace That Now We See","Acts 2:1-4",401,,163,161,,
"O Day of Rest and Gladness","Ps 118:24",485,9,203,251,,
"O Dearest Jesus What Law Hast Thou Broken","Luke 23:20-24",292,143,119,123,117,
"O Dearest Lord Thy Sacred Head",,,,,,118,
"O Enter Lord Thy Temple","Acts 2:17",400,228,,,,
"O Faithful God Thanks Be to Thee","Ps 6:1",522,321,,,,
"O Father All Creating","Ps 127:1",,621,251,,,
"O Father May Thy Word Prevail",,215,,,,,
"O for a Faith that Will Not Shrink","Luke 17:5",364,396,,,405,
"O Fount of Good for All Your Love","Ps 116:12",,,395,,524,
"O Gladsome Light O Grace","John 1:9",572,101,486,,,
"O God Be with Us ","Ps 121:3",,556,,,,
"O God Empower Us to Stem",,,,,422,,
"O God Forsake Me Not","Ps 38:21-22",,,372,,424,
"O God Forsake Me Not","Ps 38:22",,402,,,,
"O God From God O God From Light","Ps 43:3",170,132,83,536,85,
"O God I Love Thee Not That My Poor Love",,,,,491,,
"O God My Faithful God","1 Kings 3:5",470,395,371,504,459,
"O God O Lord of Heaven and Earth","Matt 10:8",,443,319,396,400,
"O God of Earth and Altar",,,,,428,,
"O God of Every Nation",,,,,416,,
"O God of God O Light of Light","Ps 43:3",170,132,83,536,85,
"O God of Jacob by Whose Hand","Gen 28:20-22",,434,,477,,
"O God of Light","Ps 119:105",,,,,,869
"O God of Light Your Word a Lamp Unfailing",,,,,237,,
"O God of Light's Great Mystery",,,,,201,,
"O God of Love O King of Peace","Ps 25:7",,,498,414,519,
"O God of Mercy God of Light","Luke 10:36, 37",170,439,397,425,499,
"O God of Mercy God of Might","Luke 10:36, 37",458,439,397,425,499,
"O God of Youth Whose Spirit in Our Hearts is Stirring",,,,,510,,
"O God Our Help in Ages Past","Ps 90",160,123,180,320,441,
"O God Our Lord Thy Holy Word","Rev 14:6, 7",549,266,341,,204,
"O God Our Lord Your Holy Word","Rev 14:6, 7",549,266,341,,204,
"O God Send Heralds Who Will Never Falter",,,,,283,,
"O God Thou Faithful God","1 Kings 3:5",470,395,371,504,459,
"O God Whose Will is Life and Good","Ps 146:8",,,396,,,
"O God Your Hand the Heavens Made",,,,,,481,
"O Happy Day When We Shall Stand",,590,,,351,,
"O Happy Home Where Thou art Loved Most Dearly","Gen 18:19",,626,,,,
"O Holy Blessed Trinity","Ps 5:3",80,541,479,,584,
"O Holy Ghost Thou Gift Divine",,26,,,,,
"O Holy Spirit Enter In","Is 11:2",27,235,160,459,184,
"O Holy Spirit Grant Us Grace","Ps 19:7",25,293,336,,185,
"O How Blest Are Ye Whose Toils Are Ended ","Rev 14:13",526,589,268,,554,
"O How Great Is Thy Compassion","2 Cor 9:15",460,384,364,,,
"O How Holy is This Place",,28,,,,,
"O How Shall I Receive Thee",,94,,,,,
"O Jesus at Your Altar Now",,324,,,,,
"O Jesus Blessed Lord My Praise","2 Cor 9:15",325,309,245,220,316,
"O Jesus Blessed Lord to Thee","2 Cor 9:15",325,309,245,220,316,
"O Jesus Blessed Lord to You","2 Cor 9:15",325,309,245,220,316,
"O Jesus Christ All Praise to Thee",,136,,,,,
"O Jesus Christ May Grateful Hymns be Rising",,,,,427,,
"O Jesus Christ Thy Manger Is","Luke 2:7",161,81,,,40,814
"O Jesus Christ Your Manger Is","Luke 2:7",161,81,,,40,
"O Jesus Christ, true Lamb of God","John 1:29",,,,,,"p.13"
"O Jesus I Have Promised",,,,,503,,
"O Jesus Joy of Loving Hearts",,,,,356,,
"O Jesus King Most Wonderful","1 Pet 2:7",278,361,274,537,373,
"O Jesus King of Glory","Matt 2:1-12",,130,79,,94,
"O Jesus Lamb of God Thou Art","John 1:29",271,328,,,27,
"O Jesus Lamb of God You Are","John 1:29",271,328,,,27,
"O Jesus Lord of Heavenly Grace",,487,,,,,
"O Jesus So Sweet O Jesus So Mild","Gal 4:4-5",,,,,366,858
"O Kingly Love that Faithfully","Matt 22:1-14",,,346,,335,
"O Light of Gentile Nations","Luke 2:32",151,138,,,78,
"O Light of God's Most Wondrous Love",,399,,,,,
"O Light whose splendor",,,,,,,"p.18"
"O Little Flock Fear Not the Foe","Luke 12:32",375,263,300,361,,
"O Little Town of Bethlehem","Micah 5:2",,,59,,66,
"O Little Town of Bethlehem","Micah 5:2",137,647,60,41,65,
"O Living Bread from Heaven","Matt 26:26-29",326,316,244,197,314,
"O Lord How Shall I Meet Thee","Matt 21:1-9",,58,19,23,"18 & 19",
"O Lord How Shall I Meet You","Matt 21:1-9",,58,19,23,"18 & 19",
"O Lord I Sing with Lips and Heart","Ps 92:1",,569,,,,
"O Lord in Prayer You Spent the Night","Luke 6:12ff",505,493,,,548,
"O Lord Look Down from Heaven Behold","Ps 12",440,260,,,205,
"O Lord My God I Cry to Thee","Ps 116:9",573,600,,,,
"O Lord Now Let Your Servant","Luke 2:29-32",,,,339,,"p.14"
"O Lord of Heaven and Earth and Sea","Matt 10:8",,443,319,,487,
"O Lord of Hosts, Whose Glory Fills","Is 60:13",,633,,,,
"O Lord of Light Who Made the Stars","Ps 30:10-12",,,17,323,31,
"O Lord Our Father shall We be Confounded ","Ps 22:5",213,269,,,,
"O Lord Our Father Thanks and Praise","Ps 107:1",,124,,,72,
"O Lord Our Father Thanks to Thee","Ps 107:1",,124,,,72,
"O Lord Our God Your Gracious Hand",,,,,,511,
"O Lord Send Forth Your Spirit",,,,,392,,
"O Lord Throughout These Forty Days","Matt 4:1-11",,,92,99,,
"O Lord We Praise Thee","Ps 118:1",327,313,238,215,317,
"O Lord We Praise Thee Bless Thee and Adore Thee","Ps 118:1",327,313,238,215,317,
"O Lord We Praise You Bless You and Adore You","Ps 118:1",327,313,238,215,317,
"O Lord We Welcome Thee","Is 9:6",,93,,,,
"O Lord Who in Thy Love Divine",,505,,,,,
"O Lord Whose Bounteous Hand Again","Ps 65:9",,567,,,,
"O Lord You Have in Your Pure Grace",,,,,,407,
"O Lord, Hear My Prayer","Ps 31:2",,,,,,891
"O Love Divine How Sweet Thou Art",,62,,,,,
"O Love How Deep How Broad How High","Eph 3:17-21",281,,275,88,371,
"O Love that Casts Out Fear",,,,,,604,
"O Love that Will Not Let Me Go",,,,,324,,
"O Love Who Madest Me to Wear","1 John 4:16",,397,,,,
"O Master Let Me Walk With You",,,,,492,,
"O Master of the Loving Heart",,,,,,491,
"O Morning Star How Fair and Bright","Rev 22:16",,,73,76,,
"O One With God the Father",,,,,77,,
"O Paschal Feast What Joy is Thine",,342,,,,,
"O People Rise and Labor","Luke 3:4, 5",,75,25,,14,
"O Perfect Life of Love!","John 19:30",,170,,,,
"O Perfect Love","Ruth 1:17",,623,253,287,600,
"O Perfect Love All Human Thought Transcending","Ruth 1:17",,623,253,287,600,
"O Rejoice Ye Christians Loudly","2 Cor 8:9",163,96,40,,45,
"O Sacred Head Now Wounded","Is 50:6",334,172,113,116,105,
"O Sacred Head Now Wounded","Is 50:6",335,172,113,117,105,
"O Savior of Our Fallen Race","John 1:1-5",,,45,49,,
"O Savior Precious Savior","1 Pet 1:8",,352,282,514,368,
"O Savior Rend the Heavens Wide","Is 64:1",97,,32,38,22,
"O Sing Jubilee to the Lord Every Land","Ps 100",56,44,205,256,252,
"O Sing with Exultation","Ps 118:15, 16",365,217,,,,
"O Sinner Come Thy Sin to Mourn",,272,,,,,
"O Son of God in Galilee","Mark 7:32-37",,,400,426,,
"O Son of God We Wait for Thee",,536,,,,,
"O Sons and Daughters of the King","John 20",366,208,130,139,165,
"O Spirit of Life O Spirit of God",,,,,,186,
"O Spirit of the Living God","Acts 2:3",,504,,388,,
"O Splendor of God's Glory Bright","John 8:12",81,550,481,271,586,
"O Splendor of the Father's Light","John 8:12",81,550,481,271,586,
"O That I Had a Thousand Voices ","Ps 148:1",443,,448,560,242,
"O That I Had a Thousand Voices ","Ps 148:1",,243,,,194,
"O That the Lord Would Guide My Ways","Ps 119:5, 33",441,416,392,480,462,
"O Thou from Whom All Goodness Flows","Neh 13:31",,515,,,,
"O Thou Love Unbounded","John 16:27",,42,,,,
"O Thou that Hear'st when Sinners Cry","Ps 51",500,325,,,,
"O Thou Who Hast of Thy Pure Grace",,,,,442,,
"O Thou Who Once in Galilee","Mark 7:32-37",,,400,426,,
"O Thou Whose Feet have Climbed Life's Hill","1 Cor 16:13",,486,,,,
"O Trinity Most Blessed Light","Ps 16:9",574,564,487,275,591,
"O Trinity O Blessed Light","Ps 16:9",574,564,487,275,591,
"O Trinity, O Trinity","2 Cor 4:6-7",,,,,,836
"O Watch and Pray",,516,,,,,
"O What Precious Balm and Healing","1 Pet 2:24",293,144,95,,121,
"O Wondrous Type O Vision Fair","Matt 2:1-11",223,,87,80,96,
"O Word of God Incarnate","Ps 119:105",171,294,335,231,279,
"O Zion Haste Your Mission High Fulfilling",,,,,397,,
"O'er Jerusalem Thou Weepest","Luke 19:41",,419,390,,,
"O'er the Distant Mountains Breaking","Matt 24:42",,606,,,220,
"O'er the Gloomy Hills of Darkness","Rev 14:6",,505,,,,
"Of my Life the Life O Jesus",,336,,,,,
"Of the Father's Love Begotten","1 Tim 3:16",181,98,36,42,35,
"Of the Glorious Body Telling",,,,,120,,
"Of Zion's Honor Angels Sing",,216,,,,,
"Oh Bless the Lord My Soul","Ps 108:1-7",60,27,457,,238,
"Oh Blessed Home Where Man and Wife","Ps 128",,,466,,503,
"Oh Blest the House Whate'er Befall","Luke 2:41-52",190,625,467,512,506,
"Oh Come All Ye Faithful","Luke 2:15",133,102,41,45,55,
"Oh Come My Soul",,,,,,99,
"Oh Come Oh Come Emmanuel","Is 59:20",110,62,31,34,23,
"Oh Darkest Woe","Acts 3:15",332,167,122,,137,
"Oh Enter Lord Thy Temple","Acts 2:17",400,228,,,,
"Oh for a Faith that Will Not Shrink","Luke 17:5",364,396,,,405,
"Oh for a Thousand Tongues to Sing","Acts 4:12",,360,276,559,340,
"Oh Gladsome Light of the Father Immortal",,,,,279,,
"Oh Happy Day When We Shall Stand",,590,,,351,,
"Oh How Blest Are They","Rev 14:13",526,589,268,,554,
"Oh How Blest Are Ye Whose Toils Are Ended ","Rev 14:13",526,589,268,,554,
"Oh How Blest Are You Whose Toils Are Ended","Rev 14:13",526,589,268,,554,
"Oh How Great Is Thy Compassion","2 Cor 9:15",460,384,364,,,
"Oh How Great Is Your Compassion","2 Cor 9:15",460,384,364,,,
"Oh Love How Deep How Broad How High","Eph 3:17-21",281,,275,88,371,
"Oh Perfect Life of Love",,,,,,138,
"Oh Praise the Lord My Soul",,,,,538,,
"Oh Rejoice All Christians Loudly","2 Cor 8:9",163,96,40,,45,
"Oh Rejoice Ye Christians Loudly","2 Cor 8:9",163,96,40,,45,
"Oh Sing My Soul Your Maker's Praise",,,,,319,425,
"Oh Sing to the Lord","Ps 100",56,44,205,256,252,
"Oh Sing with Exultation","Ps 118:15, 16",365,217,,,,
"Oh That I Had a Thousand Voices ","Ps 148:1",443,,448,560,242,
"Oh That I Had a Thousand Voices ","Ps 148:1",,243,,,194,
"Oh That the Lord Would Guide My Ways","Ps 119:5, 33",441,416,392,480,462,
"Oh What Their Joy and Their Glory Must Be","Rev 7:10-17",,,,337,,838
"Oh Wondrous Type Oh Vision Fair","Matt 2:1-11",223,,87,80,96,
"Oh Worship the King","Ps 104",,17,458,548,243,
"Oh, Sing to the Lord","Ps 98:1",,,,,,900
"On Christmas Night All Christians Sing","Luke 2:10-14, 20",,,65,,52,
"On Christ's Ascension I Now Build","John 14:3",392,216,150,,173,
"On Eagles' Wings","Ps 91",,,,,440,
"On Galilee's High Mountain","Matt 28:16-20",195,,320,,557,
"On Jordan's Bank the Baptist's Cry","Is 40:3",106,63,14,36,16,
"On Jordan's Bank the Baptist's Cry","Matt 3:3",106,63,14,36,16,
"On Jordan's Bank the Herald's Cry","Matt 3:3",106,63,14,36,16,
"On Mary Virgin Undefiled",,268,,,,,
"On My Heart Imprint Thine Image","Luke 23:38",593,179,100,102,"319 &320",
"On My Heart Imprint Thine Image - Choir","Luke 23:38",598,,,,,
"On My Heart Imprint Your Image","Luke 23:38",593,179,100,102,"319 &320",
"On Our Way Rejoicing",,,,,260,,
"On This Day Earth Shall Ring","Luke 2:1-20",,,,,,809
"On What has Now been Sown","1 Cor. 3:6",594,46,217,261,322,
"Once Again My Heart Rejoices","Luke 2:11",115,77,39,46,37,
"Once He Came in Blessing","Luke 4:18",141,74,30,312,17,
"Once In Royal David's City","Luke 2:4-7",139,,58,,50,
"One There Is Above All Others",,,,,298,,
"One Thing Needful","Luke 10:42",182,366,277,,290,
"One Thing's Needful Lord This Treasure","Luke 10:42",182,366,277,,290,
"One Thy Light, the Temple Filling","Is 6:8",,641,,,,
"Only Begotten Word of God Eternal","Ps 20:1-5",,,323,375,,
"Onward Christian Soldiers","Matt 16:18",,658,518,509,537,
"Open Now Thy Gates of Beauty","Ps 100:4",29,1,198,250,255,
"Open Now Thy Gates of Beauty","Ps 100:4",30,,,,,
"Our Blessed Savior Seven Times Spoke","Heb 5:7",337,177,108,,,
"Our Children Jesus Calls","Mark 10:14",,302,228,,296,
"Our Father By Whose Name","1 Cor 13:14",187,,465,357,501,
"Our Father Thou in Heaven Above","Matt 6:9-13",383,458,431,,410,
"Our Father Throned in Heaven Above",,384,,,,,
"Our Father Who From Heaven Above","Matt 6:9-13",,,430,,,
"Our Father Who From Heaven Above","Matt 6:9-13",383,458,431,,410,
"Our Fathers' God in Years Long Gone","Ps 44",,,326,,535,
"Our God Our Help in Ages Past","Ps 90",160,123,180,320,441,
"Our Heavenly Father Hear","Luke 2-4",,455,,,,
"Our Lord and God O Bless This Day","Is 54:10",514,337,,,599,
"Our Lord and God Oh Bless This Day","Is 54:10",514,337,,,599,
"Our Paschal Lamb, That Sets Us Free","1 Cor 5:7-8",,,,,,830
"Our Table Now with Food is Spread",,601,,,,,
"Out of the Deep I Call","Ps 130",453,327,,,,
"Out of the Depths I Cry to You","Ps 130",452,329,230,295,305,
"Over Kedron Jesus Treadeth",,295,,,,,
"Peace to Soothe Our Bitter Woes",,595,,,338,,
"Pour Out Thy Spirit from on High","Ps 132:9",,490,,,,
"Praise and Thanks and Adoration","Ps 106:1",596,401,387,470,470,
"Praise and Thanksgiving","Ps 107:31-38",,,403,409,,
"Praise Be to the Lord",,,,,,276,
"Praise God from Whom All Blessings Flow","Ps 150:1",592,644,461,564,334,
"Praise God from Whom All Blessings Flow","Ps 150:1",592,644,461,565,334,
"Praise God from Whom All Blessings Flow","Ps 150:1",,,,529,,
"Praise God the Lord Ye Sons of Men","Luke 2:1-14",148,105,44,47,41,
"Praise God This Hour of Sorrow",,475,,,,,
"Praise My Soul the King of Heaven","Ps 103",67,,,549,,893
"Praise Oh Praise Our God and King","Ps 136",,570,,,,
"Praise the Almighty My Soul Adore Him","Ps 146",497,26,445,539,235,
"Praise the Lord O Heavens Adore Him",,64,,,540,,
"Praise the Lord of Heaven",,,,,541,,
"Praise the Lord Rise Up Rejoicing",,,,,196,,
"Praise the Lord Ye Heavens Adore Him",,64,,,540,,
"Praise the One Who Breaks the Darkness","Luke 4:16-21",,,,,353,881
"Praise the Savior Now and Ever",,,,,155,,
"Praise to God Immortal Praise","Hab 3:17, 18",,572,496,,612,
"Praise to the Father for His Lovingkindness",,,,,517,,
"Praise to the Father the Glorious King of Creation",,7,,,,,
"Praise to the Lord the Almighty","Neh 9:6",65,39,444,543,234,
"Praise to Thee and Adoration","Ps 106:1",596,401,387,470,470,
"Praise to You and Adoration","Ps 106:1",596,401,387,470,470,
"Praise We the Lord This Day","Matt 1:23",,274,,,,
"Praise and Thanksgiving Be to God Our Maker",,,,,191,,
"Prayer Is the Soul's Sincere Desire","Luke 11:1",387,454,,,,
"Preach You the Word and Plant It Home","Luke 8:4-15",,,259,,544,
"Precious Lord Take My Hand",,,,,,451,
"Prepare the Royal Highway","Matt 21:8-9",,,27,26,,
"Prepare the Way","Luke 3:4, 5",,,,,,807
"Preserve Thy Word O Savior","Jude 20, 21",533,264,337,,289,
"Preserve Your Word O Savior","Jude 20, 21",533,264,337,,289,
"Redeemed, Restored, Forgiven","Luke 15:24",,32,,,388,
"Rejoice Angelic Choirs Rejoice",,,,,146,,
"Rejoice My Heart Be Glad and Sing","Ps 56:8",,535,424,,443,
"Rejoice O Pilgrim Throng","Ps 118:25-26",,,455,553,540,
"Rejoice Rejoice Believers","Matt 25:6",543,72,,25,7,801
"Rejoice Rejoice This Happy Morn","Luke 2:11",142,79,520,43,,
"Rejoice Rejoice Ye Christians",,132,,,,,
"Rejoice the Lord is King","Rev 19:6",376,,179,171,,
"Renew Me O Eternal Light","2 Cor 3:18",,398,373,511,471,
"Return O Wanderer Return","Luke 15:18",,280,,,,
"Ride On Ride On in Majesty","Matt 21:9",,,105,121,132,
"Ride On Ride On in Majesty","Matt 21:9",280,162,,,133,
"Rise Again Ye Lion-Hearted","Rev 2:10",555,470,,,,
"Rise Arise",,,,,,30,
"Rise Children of the Kingdom",,105,,,,,
"Rise Crowned with Light Imperial Salem, Rise","Is 60:1ff",,503,313,,,
"Rise My Soul to Watch and Pray","Matt 26:41",253,446,302,443,472,
"Rise O Children of Salvation",,,,,182,,
"Rise O Light of Gentile Nations","Is 60:1",199,498,,,577,
"Rise Shine You People Christ the Lord Has Entered","Eph 5:14",,,,393,556,871
"Rise Thou Light of Gentile Nations","Is 60:1",199,498,,,577,
"Rise To Arms With Prayer Employ You","Eph 6:10-18",518,444,303,,455,
"Rise Up O Saints of God",,,,,383,,
"Rise Ye Children of Salvation","Jude 3",217,472,,,,
"Rock of Ages Cleft for Me ","1 Cor 10:4",286,376,361,327,389,
"Round Me Falls the Night","Ps 141:2",,562,,,,
"Round the Lord in Glory Seated",,408,,,,,
"Safely Through Another Week","Ps 65:4",,11,,,,
"Saints Behold the Sight is Glorious",,,,,,216,
"Saints of God, the Dawn is Brightening","John 4:35",,502,,,578,
"Saints, See the Cloud of Witnesses","Heb 11:32",,,,,,840
"Salvation Unto Us Has Come","Rom 3-5",227,377,355,297,390,
"Savior Again to Thy Dear Name We Raise","Ps 110:2",597,47,221,262,321,
"Savior Again to Your Dear Name We Raise","Ps 110:2",597,47,221,262,321,
"Savior Breathe an Evening Blessing","Ps 91:5",,565,,,,
"Savior I Follow On","Ex 15:23",,422,,,473,
"Savior Like a Shepherd Lead Us",,,,,481,,
"Savior of the Nations, Come","John 1:14",,95,13,28,2,
"Savior Sprinkle Many Nations","Is 54:2",,510,,,,
"Savior Thy Dying Love","Acts 9:6",,403,374,,488,
"Savior When in Dust to Thee","Luke 18:13",296,166,93,91,124,
"Savior When in Dust to You","Luke 18:13",296,166,93,91,124,
"Savior Who Thy Flock art Feeding","John 10:11",,631,,,,
"See in Yonder Manger Low","Luke 2:1-20",,,,,58,808
"See the Conqueror Mounts in Triumph","Ps 68:18",,218,,,174,
"See This Wonder in the Making","Matt 3:16-17",,,,,300,842
"Seek Where Ye May to Find a Way","Acts 4:12",207,383,358,,395,
"Seek Where You May to Find a Way","Acts 4:12",207,383,358,,395,
"Send Now O Lord to Every Place","Rom 8:37",,506,316,,572,
"Send O Lord Thy Holy Spirit","Acts 11:24",507,491,263,,545,
"Send O Lord Your Holy Spirit","Acts 11:24",507,491,263,,545,
"Send Thou O Lord to Every Place","Rom 8:37",,506,316,,572,
"Sent Forth By God's Blessing","Luke 24:47-53",,,247,221,318,
"Shepherd of Tender Youth","Is 40:11",183,628,471,,515,
"Silent Night Holy Night","Luke 2:8",140,646,68,65,60,
"Sing a New Song to the Lord",,,,,,245,
"Sing My Tongue How Glorious Battle","Is 52:9-10",298,,117,118,122,
"Sing My Tongue the Glorious Battle","Is 52:9-10",298,,117,118,122,
"Sing Praise to God the Highest Good","Ps 96:1-8",,,452,542,,
"Sing Praise to the God of Israel","Luke 1:68-79",46,,,,,908
"Sing to the Lord of Harvest","Ps 67:5-6",464,,493,412,614,
"Sing with All the Saints in Glory","Rev 7:9-17",,,,,,839
"So Rest My Rest",,338,,,,,
"So Truly As I Live God Saith",,417,,,,,
"Soldiers of Christ Arise","Eph 6:10-18",,450,,,,
"Soldiers of the Cross Arise","Eph 6:17",520,501,,,,
"Son of God Eternal Savior","1 Pet 1:20-23",,,394,364,492,
"Songs of Praise the Angels Sang","Job 38:7",,35,447,,222,
"Songs of Thankfulness and Praise","1 Pet 1:30",172,134,88,90,82,
"Soul Adorn Thyself with Gladness","Rev 19:8",328,305,239,224,311,
"Soul Adorn Yourself with Gladness","Rev 19:8",328,305,239,224,311,
"Soul What Return Has God Thy Savior","Mark 12:17",,404,,,,
"Speak O Lord Thy Servant Heareth","1 Sam 3:10",230,296,339,,283,
"Speak O Lord Your Servant Listens","1 Sam 3:10",230,296,339,,283,
"Speak O Savior I am Listening","1 Sam 3:10",230,296,339,,283,
"Spirit of God Descend Upon My Heart",,,,,486,,
"Spirit of God Sent from Heaven Abroad",,,,,285,,
"Spirit of God Unleashed On Earth",,,,,387,,
"Splendor and Honor","Rev 4:11",,,,,,910
"Spread Oh Spread Almighty Word","Rom 10:15",201,507,321,379,576,
"Spread Oh Spread the Mighty Word","Rom 10:15",201,507,321,379,576,
"Spread Oh Spread Thou Mighty Word","Rom 10:15",201,507,321,379,576,
"Spread the Reign of God the Lord","Rom 10:15",201,507,321,379,576,
"Stand Up Stand Up for Jesus","Luke 12:8",,451,305,389,474,
"Stars of the Morning So Gloriously Bright","Job 38:7",548,255,190,,,
"Strengthen for Service Lord the Hands",,,,,218,,
"Stricken Smitten and Afflicted","Is 53:3-5",297,153,116,,127,
"Sun of My Soul O Savior Dear","Luke 24:29",577,551,488,,,
"Sun of My Soul Thou Savior Dear","Luke 24:29",577,551,488,,,
"Surely It Is God Who Saves Me","Is 12:2-6",,,,,,870
"Sweet Flowerest of the Martyr Band","Rev 14:4",,273,188,,,
"Sweet Is the Work My God My King",,469,,,,,
"Sweet the Moments Rich in Blessing","1 John 1:7",300,155,,,111,
"Swell the Anthem Raise the Song","Deut 8:10-12",,584,,,,
"Take My Life and Let It Be","Eph 6:24",444,400,404,406,469,
"Take My Life O Lord Renew","Eph 6:24",444,400,404,406,469,
"Take My Life That I May Be","Eph 6:24",444,400,404,406,469,
"Take the World but Give Me Jesus",,,,,,355,
"Take Up Your Cross the Savior Said","Matt 16:24",,,382,398,,
"Tell Out, My Soul, the Greatness of the Lord","Luke 1:46-55",,,,,,909
"Ten Thousand Times Ten Thousand","Rev 7:17",557,476,,,,
"Tender Shepherd Thou has Stilled","Matt 18:2",,595,269,,,
"That Day of Wrath That Dreadful Day","2 Pet 3:10",,612,,,,
"That Easter Day with Joy Was Bright","Matt 28:1-7",,,147,154,,
"That Man a Godly Life Might Live","Ex 20:1-17",490,287,331,,285,
"The Advent of Our God","Zech 9:9",99,68,12,22,1,
"The Advent of Our King","Zech 9:9",99,68,12,22,1,
"The Ancient Law Departs","Luke 2:21",158,117,,,,
"The Angel Gabriel from Heaven Came","Luke 1:26-38",,,,,24,805
"The Bells of Christmas Chime Once More",,,,,62,,
"The Bridegroom Soon Will Call Us","Matt 25:6",100,67,176,,10,
"The Church of Christ in Every Age",,,,,433,,
"The Church's One Foundation","Eph 2:20",486,473,289,369,538,
"The Clouds of Judgment Gather","Rev 21:24",534,605,463,322,,
"The Day Full of Grace",,,,,,254,
"The Day Is Past and Over","Ps 13:3",,555,,,,
"The Day is Surely Drawing Near","Luke 21:25-36",538,611,462,321,207,
"The Day of Resurrection","Ps 118:15",356,205,133,141,166,
"The Day You Gave Us Lord has Ended",,,,,274,594,
"The Day You Gave Us Lord is Ended","Rom 13:11-12",,,,274,594,904
"The Death of Jesus Christ Our Lord","Matt 26:26-29",329,163,107,,135,
"The First Day of the Week",,,,,246,,
"The First Noel the Angel Did Say",,,,,56,,
"The God of Abraham Praise","Ex 3:6",69,40,450,544,,
"The Gospel Shows the Father's Grace","John 3:16",233,297,330,,288,
"The Happy Christmas Comes Once More",,143,,,,,
"The Head that Once was Crowned with Thorns","Heb 2:10",393,219,,173,217,
"The Hills are Bare at Bethlehem",,,,,61,,
"The Infant Priest Was Holy Borne","Heb 9:11-28",,,,,,853
"The King of Glory Comes",,,,,,363,
"The King of Love My Shepherd Is","Ps 23",370,431,412,456,375,
"The King Shall Come When Morning Dawns","Rev 22:20",101,,26,33,25,
"The Kingdom Satan Founded",,259,,,,,
"The Lamb","Rev 5:12-13",,,,,,822
"The Law Commands and Makes Us Know","Ps 19:9",489,289,,,286,
"The Law of God Is Good and Wise","Ps 19:8",492,295,329,,287,
"The Litany",,,661,,,,
"The Lord Hath Helped Me Hitherto","1 Sam 7:12",71,33,456,,,
"The Lord Into His Father's Hands",,339,,,,,
"The Lord is God There Is No Other",,,,,,292,
"The Lord My Faithful Shepherd Is",,368,,,,,
"The Lord My God be Praised","Deut 22:3",404,38,174,,,
"The Lord My God Be Praised","Ps 92:1-4",404,,174,,,
"The Lord My Pasture Shall Prepare","Ps 23",,368,,,,
"The Lord My Shepherd Is","Ps 23",,426,,,,
"The Lord Will Come and Not be Slow",,,,,318,,
"The Lord's My Shepherd I'll Not Want","Ps 23",371,436,416,451,360,
"The Lord's My Shepherd Leading Me","Ps 23",,,417,,,
"The Man Is Ever Blest","Ps 1",,414,388,,475,
"The Morning Light is Breaking","Matt 28:19, 20",,497,,,,
"The Morning Sun is Brightly Beaming","1 John 1:7",,545,,,,
"The Mystery Hidden from the Eyes",,405,,,,,
"The New Church Year Again Is Come",,93,,,,,
"The Night Will Soon Be Ending","Rom 13:12a",,,,,,806
"The Old Year Now Has Passed Away","John 15:4",,125,,,71,
"The Old Year Now Hath Passed Away","John 15:4",,125,,,71,
"The Only Son from Heaven","John 6:38-39",224,,72,86,86,
"The People That in Darkness Sat","Is 9:2",153,106,77,,90,
"The People That in Darkness Sat","Matt 4:16",153,106,77,,90,
"The Power of Sin No Longer",,243,,,,,
"The Radiant Sun Shines in the Skies","Ps 91: 9-16",78,547,,,,
"The Royal Banners Forward Go","Ps 96:10",273,168,103,124,,
"The Royal Banners Forward Go","Ps 96:10",273,168,104,125,,
"The Saints on Earth and Those Above","Heb 12:22-24",,478,,,,
"The Savior Calls Let Every Ear","Matt 11:28",,281,350,,,
"The Savior Kindly Calls","Mark 10:14",,302,228,,296,
"The Son of God Goes Forth to War","1 Tim 6:12",559,452,304,183,,
"The Son of God Our Christ the Word the Way",,,,,434,525,
"The Star Proclaims the King is Here","Matt 2:9",173,131,81,,91,
"The Stars Declare His Glory",,,,,,246,
"The Strife is O'er the Battle Done","Ps 98:1",357,210,143,135,148,
"The Sun Arises Now","Ps 145:15",83,542,,,,
"The Sun Has Gone Down",,575,,,,,
"The Sun's Last Beam of Light is Gone","Ps 91:11, 12",562,562,,,,
"The Temple Rang with Golden Coins","Mark 12:41-44",,,,,,885
"The Ten Commandments Are the Law","Ex 20:1-17",490,287,331,,285,
"The Tree of Life with Every Good","Gen 3:1-15",302,,,,,873
"The Voice that Breathed o'er Eden","Eccl 4:12",,622,,,,
"The Will of God Is Always Best","Matt 6:10",477,517,425,,435,
"The World Is Very Evil","Rev 21:24",534,605,463,322,,
"Thee God We Praise Thy Name We Bless",,44,,,,,
"Thee We Adore Eternal Lord",,,,,547,,
"Thee We Adore O Hidden Savior Thee","Matt 26:26-28",,,,199,,849
"Thee Will I Love My Strength My Tower","John 14:23",409,399,375,502,476,
"Then the Glory",,,,,,218,
"There Is a Balm in Gilead","Jer 8:18-9:2",,,,,564,889
"There is a Fountain Filled with Blood","Zech 13:1",301,157,506,,112,
"There is a Green Hill Far Away",,,,,114,,
"There is a Save and Secret Place",,218,,,,,
"There Is an Hour of Peaceful Rest","Heb 4:9",,617,,,,
"There Many Shall Come from the East","Matt 8:11, 12",200,415,464,313,,
"There Stands a Fountain Where for Sin","Zech 13:1",301,157,506,,112,
"There Still Is Room","Luke 14:22, 23",,509,,,565,
"There's a Voice in the Wilderness Crying",,,,,,13,
"There's a Wideness in God's Mercy",,,,,290,,
"These Are the Holy Ten Commands",,490,,,,,
"These Things Did Thomas Count as Real","John 20:19-31",,,,,,831
"They Cast Their Nets in Galilee",,,,,449,,
"They Leave Their Place on High",,,,,,197,
"Thine Forever God of Love ","Mal 3:17",515,338,256,,426,
"Thine Honor Save, O Christ, Our Lord","Ps 118:25",221,265,,,,
"Thine is the Glory",,73,,,145,,
"Thine the Amen, Thine the Praise","Matt 26:26-29",,,,,,867
"This Body in the Grave We Lay","John 5:24",,596,,,,
"This Child We Dedicate to Thee","Luke 18:17",,303,227,,,
"This Child We Now Present to You","Luke 18:17",,303,227,,,
"This Day at Thy Creating Word","Gen 1:5",31,12,,,229,
"This Day at Your Creating Word","Gen 1:5",31,12,,,229,
"This is My Father's World",,,,,554,,
"This is My Will",,,,,,497,
"This Is the Day the Lord Has Made","Ps 118:24",32,10,200,,225,
"This Is the Day the Lord Hath Made","Ps 118:24",32,10,200,,225,
"This is the Feast of Victory",,359,,,,265,
"This is the Spirit's Entry Now","Eph 5:25b-27",,,,195,,841
"This is the Threefold Truth","1 Cor 11:23-26",,,,,406,863
"This Joyful Eastertide","1 Cor 15:20",,,140,149,160,
"This Little Babe So Few Days Old",,162,,,,,
"This Night a Wondrous Revelation","Luke 1:78, 79",,88,,,,
"Thou Art the Way to Thee Alone","John 14:6",363,355,283,464,356,
"Thou Light of Gentile Nations`","Luke 2:32",151,138,,,78,
"Thou to Whom the Sick and Dying",,237,,,,,
"Thou Who Roll'st the Year Around","Ps 90:12",,111,,,,
"Thou Who the Night in Prayer Didst Spend","Luke 6:12ff",505,493,,,548,
"Thou Whose Almighty Word","Gen 1:3",202,508,317,400,,
"Thou Whose Almighty Word","John 1:1-4",202,508,317,400,,
"Though I May Speak With Bravest Fire","1 Cor 13",,,,,498,
"Though In Midst of Life We Be",,527,,,,,
"Though Thoughtless Thousands Choose","Phil 1:21",,608,,,466,
"Throned upon the Awe-full Tree","Mark 15:34",,174,,,,
"Through All the Changing Scenes of Life","Ps 34",,29,,,,
"Through Jesus' Blood and Merit","Rom 8:35-39",414,372,369,,445,
"Through the Day Thy Love hath Spared Us ","Ps 3:5",,553,,,,
"Through the Night of Doubt and Sorrow","Eph 4:5",,481,,355,,
"Thus Far the Lord Has Led Me On",,566,,,,,
"Thy Hand O God Has Guided",,196,,,,,
"Thy Little Ones Dear Lord Are We",,144,,,,,
"Thy Love O Gracious God and Lord",,449,,,,,
"Thy Soul O Jesus Hallow Me",,290,,,,,
"Thy Strong Word Did Cleave the Darkness","2 Cor 4:6",72,,328,233,280,
"Thy Table I Approach","Mark 14:22-25",,310,249,,,
"Thy Way and All Thy Sorrows",,208,,,,,
"Thy Way Not Mine O Lord","Ps 25:5",,532,,,,
"Thy Ways O Lord with Wise Design","1 Cor 13:12",,530,,,,
"Thy Works Not Mine O Christ","Phil 3:9",,380,,,401,
"Tis Good Lord to Be Here","Matt 17:1-8",,135,89,89,95,
"To God Be Glory Peace on Earth",,21,,,,,
"To God Be the Glory",,,,,,399,
"To God the Anthem Raising","Ps 101:1",,112,,,73,
"To God the Holy Spirit Let Us Pray","John 16:19",33,231,155,317,190,
"To Jordan Came Our Lord the Christ","Mark 1:9-11",247,,223,79,88,
"To Jordan Came the Christ Our Lord","Mark 1:9-11",247,,223,79,88,
"To Jordan's River Came Our Lord","Matt 3:13-17",,,,,89,816
"To Our Redeemer's Glorious Name","Ps 135:1",,363,,,,
"To Shepherds as They Watched by Night","Luke 2:10, 11",154,103,52,,53,
"To the Name of Our Salvation","Acts 4:12",159,116,,,,
"To Thee My Heart I Offer","Luke 2:7",,89,,,43,
"To Thee, O Lord, Our Hearts We Raise","Ps 65:12",,573,,,,
"To Thee, Our God, We Fly","Ex 34:6, 7",,580,,,620,
"To Thy Temple I Repair","Heb 9:14",,2,207,,226,
"To You Before the Close of Day","Ps 91:1-12",,,489,277,,
"To You Omniscient Lord of All","Dan 9:18-19",,,234,310,,
"To Your Temple I Draw Near","Heb 9:14",,2,207,,226,
"To Your Temple Lord I Come","Heb 9:14",,2,207,,226,
"Today in Triumph Christ Arose","1 Pet 1:3-5",358,,136,,164,
"Today Thy Mercy Calls Us","Rev 3:8",,279,347,304,339,
"Today Your Mercy Calls Us","Rev 3:8",,279,347,304,339,
"Triumphant from the Grave","1 Cor 15:20-26, 55-57",360,,144,,151,
"Triune God Oh Be Our Stay","Ps 18:18",18,247,170,308,192,
"True God and Yet a Man",,269,,,,,
"Twas in the Moon of Wintertime",,,,,72,,
"Twas on That Dark That Doleful Night","1 Cor 11: 23ff",,164,,127,136,
"Unto the Hills Around Do I Look Up",,,,,445,,
"Up Through the Endless Ranks of Angels","Acts 1:9-11",,,152,159,172,
"Upon the Cross Extended","Heb 9:28",304,171,120,,113,
"Upon the Cross Extended","Heb 9:28",304,171,121,,113,
"Vain World Now Farewell",,529,,,,,
"Victim Divine Your Grace We Claim",,,,,202,,
"Voices Raised to You","Col 3:16",,,,,,895
"Wake Awake for Night is Flying","Matt 25:1-13",544,609,177,31,206,
"Wake the Welcome Day Appeareth",,95,,,,,
"Watchman Tell Us of the Night","Is 21:11",,71,,,,
"We All Are One in Mission",,,,,,566,
"We All Believe in One True God","Apostle's Creed",37,252,212,,271,
"We All Believe in One True God","Nicene Creed",38,251,213,374,270,
"We All Believe in One True God Father","Apostle's Creed",37,252,212,,271,
"We All Believe in One True God Maker","Nicene Creed",38,251,213,374,270,
"We Are Called by One Vocation",,421,,,,,
"We Are the Lord's His All-Sufficient Merit","Rom 14:8",,453,,399,427,
"We Are Your People",,,,,,526,
"We Bid Thee Welcome in the Name","1 Cor 4:1, 2",,484,262,,547,
"We Bid You Welcome in the Name","1 Cor 4:1, 2",,484,262,,547,
"We Bless Thee Jesus Christ Our Lord",,275,,,,,
"We Christians May Rejoice Today","Luke 2:20",122,107,,,,
"We Give Thee But Thine Own","1 John 3:17",445,441,405,410,485,
"We Give You But Our Own","1 John 3:17",445,441,405,410,485,
"We Have a Sure Prophetic Word","2 Pet 1:19",234,290,340,,291,
"We Know that Christ is Raised and Dies No More","Rom 6:3-11",,,,189,,846
"We Now Implore God the Holy Ghost","John 16:19",33,231,155,317,190,
"We Place Upon Your Table Lord",,,,,217,,
"We Plow the Fields and Scatter",,,,,362,,
"We Praise O Christ Your Holy Name","John 1:14",,,35,,,
"We Praise Thee O God Our Redeemer Creator","Ps 26:12",466,568,494,241,609,
"We Praise You Lord for Jesus Christ",,,,,190,301,
"We Praise You O God Our Redeemer Creator","Ps 26:12",466,568,494,241,609,
"We Sing Immanuel Thy Praise","Matt 1:23",152,108,,,,
"We Sing the Almighty Power of God","Ps 149",,43,441,,261,
"We Sing the Praise of Him Who Died","Gal 6:14",,178,118,344,,
"We Sing Thy Praise O God",,45,,,,,
"We Thank Thee Jesus Dearest Friend","Eph 4:8",394,223,,,,
"We Thank You for Your Blessings",,,,,,615,
"We Who Once Were Dead",,,,,207,,
"We Worship You O God of Might","Rev 7:9-14",,,199,,,
"Weary of All Trumpeting","Col 2:8-10",428,,,,527,883
"Welcome Happy Morning","Acts 10:40",,202,135,153,163,
"Welcome to Earth O Noble Guest","Luke 2:1-20",,,38,,,
"Were You There When They Crucified My Lord","Matt 28:6",,,505,92,119,
"What a Friend We Have in Jesus","Matt 21:22",385,457,516,439,411,
"What Child is This","Luke 2:1-20",145,,61,40,67,
"What God Ordains Is Always Good","Deut 32:4",519,521,422,446,429,
"What Is the World to Me","1 John 2:15-17",446,430,418,,477,
"What Is This Bread?","1 Cor 11:23-29",,,,,,850
"What Our Father Does is Well","Hab 3:17, 18",,571,,,,
"What Wondrous Love is This O My Soul","1John 4:7-10",306,,,385,120,860
"Whatever God Ordains is Right","Deut 32:4",519,521,422,446,429,
"When Afflictions Sore Oppress You",,256,,,,,
"When Aimless Violence Takes Those We Love","1 Peter 2:21-24",,,,,,890
"When All the World was Cursed","Luke 1:41",107,272,187,,20,
"When All Thy Mercies O My God","Ps 33:1",,31,196,264,259,
"When All Your Mercies O My God","Ps 33:1",,31,196,264,259,
"When Christmas Morn is Dawning",,146,,,59,48,
"When Christ's Appearing Was Made Known","Matt 2:9",,,81,85,,
"When Earth With All Its Joys Defeats Me",,479,,,,,
"When God the Spirit Came",,,,,,187,
"When I Behold Jesus Christ","1 John 4:9-10",,,,,,859
"When I Suffer Pains and Losses","Ps 73:23",377,523,423,,428,
"When I Survey the Wondrous Cross","Gal 6:14",,175,114,482,125,
"When I Survey the Wondrous Cross","Gal 6:14",308,175,115,,,
"When in Our Music God is Glorified","Ps 150",380,,449,555,248,
"When in the Hour of Deepest Need","2 Chron 20:12",257,522,428,303,413,
"When in the Hour of Utmost Need","2 Chron 20:12",257,522,428,303,413,
"When Israel Through the Desert Passed",,231,,,,,
"When Israel Was in Egypt's Land","Ex 5:1-2",,,,,,825
"When Morning Gilds the Skies","Phil 2:9-11",85,,460,545,251,
"When Morning Gilds the Skies","Phil 2:9-11",,,,546,,
"When My Last Hour Is Close at Hand","John 15:5",481,594,,,,
"When o'er My Sins I Sorrow","Heb 10:14",276,152,367,,109,
"When Our Heads are Bowed With Woe",,274,,,,,
"When Over Sin I Sorrow","Heb 10:14",276,152,367,,109,
"When Peace Like a River Attendeth My Way",,,,,346,,
"When Seed Falls on Good Soil","Matt 13:8",,,338,236,,
"When Sinners See Their Lost Condition","John 20:19-26",111,65,,,32,
"When Streaming from the Eastern Skies","Ps 55:1",,543,,,,
"Where Charity and Love Prevail","John 13:1-17",,,,126,,878
"Where Cross the Crowded Years of Life",,,,,429,,
"Where Restless Crowds are Thronging",,,,,430,,
"Where Shepherds Lately Knelt","Luke 2:1-16",,,,,,813
"Where Shepherds Lately Knelt",,,,,,54,
"Where Wilt Thou Go Since Night Draws Near","Luke 24:29",578,197,,,,
"While Shepherds Watched Their Flocks by Night","Luke 2:11",147,109,70,,,
"While with Ceaseless Course the Sun","Ps 90:12",,113,,,,
"While Yet the Morn is Breaking","Ps 66:3",86,544,,,585,
"Who are These that Earnest Knock","Luke 2:4-16",,,63,,,
"Who Is This Host Arrayed in White",,,,,314,,
"Who Is This that Comes from Edom","2 Tim 1:10",,209,,,,
"Who Knows when Death May Overtake Me","Ps 90:12",483,598,,,210,
"Who Trusts in God a Strong Abode","Ps 73:25, 26",261,437,414,450,447,
"Whoever Would Be Saved",,39,,,,,
"Why do We Mourn Departing Friends","Mark 5:39",,593,,,,
"Why Should Cross and Trial Grieve Me","Ps 73:23",377,523,423,,428,
"Wide Open Are Thy Hands",,265,,,489,,
"Wide Open Are Your Hands",,265,,,489,,
"Wilt Thou Forgive that Sin Where I Begun",,498,,,,,
"With Broken Heart and Contrite Sigh","Luke 18:13",455,323,,,303,
"With God As Our Friend With His Spirit and Word",,,,,371,,
"With High Delight Let Us Unite","Is 52:9-10",,,134,140,168,
"With the Lord Begin Thy Task","Col 3:17",82,540,483,444,478,
"With the Lord Begin Your Task","Col 3:17",82,540,483,444,478,
"With Trembling Awe the Chosen Three",,225,,,,,
"Within the Father's House","Luke 2:41-52",185,133,80,,,
"Wondrous Are Your Ways O God",,,,,311,307,
"Wondrous King All-Glorious","Ps 150:6",,41,,,,
"Word Supreme Before Creation","John 21:20",,271,,,,
"Worthy Is Christ the Lamb Who Was Slain",,359,,,,,
"Ye Lands to the Lord Make a Jubilant Noise","Ps 100",56,44,205,256,252,
"Ye Parents, Hear What Jesus Taught","Mark 10:14",186,630,473,,516,
"Ye Sons and Daughters of the King","John 20",366,208,130,139,165,
"Ye Sons of Men Oh Hearken","Luke 3:4, 5",,75,25,,14,
"Ye Watchers and Ye Holy Ones","Ps 148",540,475,308,175,,
"Yea as I Live Jehovah Saith","Ezek 33:11",417,331,235,,308,
"You Are the Way Through You Alone","John 14:6",363,355,283,464,356,
"You Are the Way to You Alone","John 14:6",363,355,283,464,356,
"You Have Put on Christ","Gal 3:27",,,,,,845
"You Parents Hear What Jesus Taught","Mark 10:14",186,630,473,,516,
"You Satisfy the Hungry Heart","Ps 81:16",,,,,,855
"You Servants of God Your Master Proclaim",,,,,252,,
"You Will I Love My Strength","John 14:23",409,399,375,502,476,
"Your Hand O Lord in Days of Old","Mark 1:32-34",,,399,431,520,
"Your Heart O God is Grieved We Know","Is 53:3-6",,,,96,,820
"Your Kingdom Come O Father",,,,,384,,
"Your Kingdom Come O Father Hear Our Prayer",,,,,376,,
"Your Little Ones Dear Lord Are We",,,,,52,46,
"Your Love O God Has Called Us Hear",,,,,,601,
"Your Table I Approach","Mark 14:22-25",,310,249,,,
"Your Word O Lord is Gentle Dew",,,,,232,,
"Your Works Not Mine O Christ","Phil 3:9",,380,,,401,
"Yours Forever God of Love","Mal 3:17",515,338,256,,426,
"Zion Mourns in Fear and Anguish","Is 49:14-17",550,268,,,,
"Zion Stands by Hills Surrounded","Ps 125:2",,474,,,,
"Zion to Thy Savior Singing",,321,,,,,
"Zion, Rise, Zion, Rise","Rev 2-3",,479,,,,
"Love Came Down at Christmas","John 1:1-5",,,46,,,
"Christ Is the World's Redeemer","Acts 2:21-36",,,271,,,
"All Who Would Valiant Be","Heb 11:13-16, 33-40",,,384,498,,
