dayname,color,theme,introit,gradual
Epiphany 5,White,The Church Militant: Tares Among the Wheat,"Worship Him, all you gods; Zion hears and is glad. The daughters of Judah rejoice because of Your judgments, O Lord. The Lord reigns, let the earth rejoice; Let the multitude of the isles be glad. Glory...","<span class=""liturgist"">The nations shall fear the Name of the Lord</span><br><span class=""congregation"">And all the kings of the earth Your glory.</span><br><span class=""liturgist"">For the Lord shall build up Zion</span><br><span class=""congregation"">He shall appear in His glory.</span><br><span class=""liturgist"">The Lord reigns, let the earth rejoice;</span><br><span class=""congregation"">Let the multitude of the isles be glad.</span><br><span class=""liturgist"">Jesus Christ is the Light to lighten the Gentiles,</span><br><span class=""congregation"">The Glory of Your people Israel.</span>"
Trinity 12,Green,Jesus Heals the Sick,"Make haste, O God, to deliver me! Make haste to help me, O Lord! Let them be ashamed and confounded who seek my life. Let them be turned back and confused who desire my hurt. Let them be turned back because of their shame. Glory...","<span class=""liturgist"">I will bless the Lord at all times;</span><br><span class=""congregation"">His praise shall continually be in my mouth.</span><br><span class=""liturgist"">My soul shall make its boast in the Lord;</span><br><span class=""congregation"">The humble shall hear of it and be glad.</span><br><span class=""liturgist"">Sing aloud to God our strength;</span><br><span class=""congregation"">Make a joyful shout to the God of Jacob.</span><br><span class=""liturgist"">Your Word is a lamp to my feet</span><br><span class=""congregation"">And a light to my path.</span>"
St. James of Jerusalem,White,,"I know whom I have believed and am persuaded that He is able to keep what I have committed to Him until that Day. There is laid up for me the crown of righteousness, which the Lord, the righteous Judge, will give to me. O LORD, You have searched me and known me. You know my sitting down and my rising up; You understand my thought afar off. Glory...",
Trinity 16,Green,Death and Burial:Young Man of Nain,"Be merciful to me, O Lord, For I cry to You all day long. For You Lord, are good, and ready to forgive. You are abundant in mercy to all those who call upon You. Bow down Your ear, O Lord, hear me; for I am poor and needy. Glory...","<span class=""liturgist"">The nations shall fear the Name of the Lord,</span><br><span class=""congregation"">And all the kings of the earth Your glory.</span><br><span class=""liturgist"">For the Lord shall build up Zion;</span><br><span class=""congregation"">He shall appear in His glory.</span><br><span class=""liturgist"">You who fear the Lord, trust in the Lord;</span><br><span class=""congregation"">He is their Help and their Shield.</span><br><span class=""liturgist"">Your Word is a lamp to my feet</span><br><span class=""congregation"">And a light to my path.</span>"
Pentecost 17,Green,,,
Pentecost 24,Green,,,
Christmas second,White,Nativity of our Lord,,
All Saints' Day,White,Saints and Martyrs,"A great multitude which no one could number stood before the throne and before the Lamb. Clothed with white robes, with palm branches in their hands. Crying out in a loud voice, saying: ""Salvation belongs to our God who sits on the throne, and to the Lamb!"" Glory...","<span class=""liturgist"">There is no want to those who fear Him.</span><br><span class=""congregation"">Those who seek the Lord</span><br><span class=""liturgist"">Shall not lack any good thing.</span><br><span class=""congregation"">Come to Me, all you who labor and are heavy laden,</span><br><span class=""liturgist"">And I will give you rest.</span><br><span class=""congregation"">Magnify the Lord with me,</span><br><span class=""liturgist"">Let us exalt His Name together.</span>"
"St. Bartholemew, Apostle",White,,"I know whom I have believed and am persuaded that He is able to keep what I have committed to Him until that Day. There is laid up for me the crown of righteousness, which the Lord, the righteous Judge, will give to me. O LORD, You have searched me and known me. You know my sitting down and my rising up; You understand my thought afar off. Glory...",
Pentecost 21,Green,,,
Trinity 9,Green,Stewardship: The Wise Steward,"Behold, God is my helper; the Lord is with those who uphold my soul. He will repay my enemies for their evil. Cut them off in Your truth. Save me, O God, by Your Name, And vindicate me by Your strength. Glory...","<span class=""liturgist"">O Lord, our Lord, how excellent is Your Name in all the earth,</span><br><span class=""congregation"">You who set Your Glory above the heavens.</span><br><span class=""liturgist"">The heart of the righteous is steadfast;</span><br><span class=""congregation"">Surely he will never be shaken.</span><br><span class=""liturgist"">Blessed is the man who fears the Lord,</span><br><span class=""congregation"">Who delights greatly in His commands.</span><br><span class=""liturgist"">Your Word is a lamp to my feet</span><br><span class=""congregation"">And a light to my path.</span>"
Easter,White,Jesus' Resurrection,"When I awake, I am still with You. Alleluia! You have laid Your hand upon Me. Alleluia! Such knowledge is too wonderful for me, it is high, I cannot attain it. Alleluia! O Lord, You have searched me and known me, You have known my sitting down and my rising up. Glory...","<span class=""liturgist"">This is the day which the Lord has made,</span><br><span class=""congregation"">We will rejoice and be glad in it.</span><br><span class=""liturgist"">Oh, give thanks to the Lord, for He is good!</span><br><span class=""congregation"">Because His mercy endures forever.</span><br><span class=""liturgist"">I shall not die, but live</span><br><span class=""congregation"">And declare the works of the Lord.</span><br><span class=""liturgist"">Hallelujah! Christ, our Passover is sacrificed for us.</span><br><span class=""congregation"">Therefore let us keep the feast. Hallelujah!</span>"
Advent 4,Purple,Rejoice!,"Rain down, you heavens from above, and let the skies pour down righteousness. Let the earth open, and bring forth salvation. The heavens declare the Glory of God, And the firmament shows His handiwork. Glory...","<span class=""liturgist"">The Lord is near to all who call upon Him,</span><br><span class=""congregation"">To all that call upon Him in truth.</span><br><span class=""liturgist"">My mouth shall speak the praise of the Lord,</span><br><span class=""congregation"">And all flesh shall bless His holy Name.</span><br><span class=""liturgist"">You are my Help and my Deliverer;</span><br><span class=""congregation"">Do not delay, O my God.</span><br><span class=""liturgist"">Let the heavens rejoice and let the earth be glad before the Lord,</span><br><span class=""congregation"">For He has made known His Salvation.</span>"
Michaelmas 3,Green,Spiritual Armor,"O Lord, King Almighty, Your power is over all things; there is no one who is able to resist Your will. You have made heaven and earth and all things enclosed by the heavens. Blessed are the undefiled in the way, Who walk in the law of the Lord. Glory...","<span class=""liturgist"">In all generations.</span><br><span class=""congregation"">Before the mountains were brought forth, or ever You had formed the earth and the world,</span><br><span class=""liturgist"">From everlasting to everlasting, You are God.</span><br><span class=""congregation"">Those who trust in the Lord are like Mount Zion,</span><br><span class=""liturgist"">Which cannot be moved, but abides forever.</span><br><span class=""congregation"">Put on the whole armor of God,</span><br><span class=""liturgist"">That you may be able to stand against the wiles of the devil.</span>"
Christmas 2,White,God's Protection: Fleeing to Egypt,"When Israel was a child, I loved him, and out of Egypt I called My Son. Why do the nations rage, and the people plot a vain thing? The kings of the earth set themselves, and the rulers take counsel together, Against the Lord and against His Anointed. Glory...","<span class=""liturgist"">Save us, O Lord our God, and gather us from among the Gentiles</span><br><span class=""congregation"">To give thanks to Your holy Name, to triumph in Your praise.</span><br><span class=""liturgist"">You, O Lord, are our Father;</span><br><span class=""congregation"">Our Redeemer from Everlasting is Your name.</span><br><span class=""liturgist"">My mouth shall speak the praise of the Lord;</span><br><span class=""congregation"">And all flesh shall bless His holy Name forever and ever.</span><br><span class=""liturgist"">Let the heavens rejoice and let the earth be glad before the Lord,</span><br><span class=""congregation"">For He has made known His Salvation.</span>"
Festival of the Reformation,Red,"Reformation, Saints' Days","The Lord of Hosts is with us, the God of Jacob is our Refuge. Therefore we will not fear, though the earth be removed and the mountains be carried into the midst of the sea. God is our Refuge and Strength, A very present Help in trouble. Glory...","<span class=""liturgist"">In the city of our God, in His holy mountain.</span><br><span class=""congregation"">Walk about Zion, and go all around her. Count her towers, mark well her bulwarks.</span><br><span class=""liturgist"">That you may tell it to the generation following.</span><br><span class=""congregation"">For this is our God, our God forever and ever;</span><br><span class=""liturgist"">He will be our Guide, even to death.</span><br><span class=""congregation"">I will speak Your testimonies also before kings,</span><br><span class=""liturgist"">And will not be put to shame.</span>"
Michaelmas,White,Angels,"Bless the Lord, you His angels, who excel in strength and do His word. Bless the Lord, all you His hosts, who heed the voice of His Word. Bless the Lord, O my soul; And all that is within me, bless His holy Name! Glory...","<span class=""liturgist"">To keep you in all your ways.</span><br><span class=""congregation"">Bless the Lord, O my soul;</span><br><span class=""liturgist"">And all that is within me, bless His holy Name!</span><br><span class=""congregation"">And one cried to another and said:</span><br><span class=""liturgist"">“Holy, holy, holy is the Lord of hosts; the whole earth is full of His glory!”</span><br><span class=""congregation"">Put on the whole armor of God,</span><br><span class=""liturgist"">That you may be able to stand against the wiles of the devil.</span>"
St. Mary Magdalene,White,,"I know whom I have believed and am persuaded that He is able to keep what I have committed to Him until that Day. There is laid up for me the crown of righteousness, which the Lord, the righteous Judge, will give to me. O LORD, You have searched me and known me. You know my sitting down and my rising up; You understand my thought afar off. Glory...",
Trinity 19,Green,Absolution: Jesus Forgives the Paralytic,"Say to my soul, ""I am your Salvation."" The righteous cry out, and the Lord hears. He delivers them out of their troubles. Give ear, O My people, to My law; Incline your ears to the words of My mouth. Glory...","<span class=""liturgist"">Let my prayer be set before You as incense,</span><br><span class=""congregation"">The lifting up of my hands as the evening sacrifice.</span><br><span class=""liturgist"">Attend to my cry, O Lord,</span><br><span class=""congregation"">For I am brought very low.</span><br><span class=""liturgist"">O, sing to the Lord a new song!</span><br><span class=""congregation"">For He has done marvelous things.</span><br><span class=""liturgist"">Put on the whole armor of God,</span><br><span class=""congregation"">That you may be able to stand against the wiles of the devil.</span>"
Michaelmas 1,Green,Absolution: Jesus Forgives the Paralytic,"Say to my soul, ""I am your Salvation."" The righteous cry out, and the Lord hears. He delivers them out of their troubles. Give ear, O My people, to My law; Incline your ears to the words of My mouth. Glory...","<span class=""liturgist"">The lifting up of my hands as the evening sacrifice.</span><br><span class=""congregation"">Attend to my cry, O Lord,</span><br><span class=""liturgist"">For I am brought very low.</span><br><span class=""congregation"">O, sing to the Lord a new song!</span><br><span class=""liturgist"">For He has done marvelous things.</span><br><span class=""congregation"">Put on the whole armor of God,</span><br><span class=""liturgist"">That you may be able to stand against the wiles of the devil.</span>"
Michaelmas 6,Green,"Death, A Sleep: Jairus' Daughter","Oh come, let us worship and bow down; let us kneel before the Lord our Maker. For He is our God, and we are the people of His pasture and the sheep of His hand. Oh come, let us sing to the Lord; Let us shout joyfully to the Rock of our salvation. Glory...","<span class=""liturgist"">My eyes from tears, and my feet from falling.</span><br><span class=""congregation"">I love the Lord,</span><br><span class=""liturgist"">Because He has heard my voice and my supplications.</span><br><span class=""congregation"">With You is the fountain of life;</span><br><span class=""liturgist"">In Your light we see light.</span><br><span class=""congregation"">Behold, I am coming quickly.</span><br><span class=""liturgist"">Amen. Even so, come, Lord Jesus!</span>"
Lent 3,Purple,Triumph over Satan: Jesus Casts Out A Demon,"My eyes are ever toward the Lord, for He shall pluck my feet out of the net. To You, O Lord, I lift up my soul, O my God, I trust in You. Turn Yourself to me and have mercy on me, For I am desolate and afflicted. Glory...","<span class=""liturgist"">Arise, O Lord, do not let man prevail,</span><br><span class=""congregation"">Let the nations be judged in Your sight.</span><br><span class=""liturgist"">When my enemies fall back</span><br><span class=""congregation"">They shall perish at Your presence.</span><br><span class=""liturgist"">Unto You I lift up my eyes, You who dwell in the heavens.</span><br><span class=""congregation"">Have mercy upon us, O Lord, have mercy upon us!</span><br><span class=""liturgist"">Christ has humbled Himself and become obedient unto death,</span><br><span class=""congregation"">Even the death of the Cross.</span>"
Visitation,Green,The Visitation of Mary,"The rich among the people will seek your favor.  She shall be brought to the King in robes of many colors; The virgins, her companions who follow her, shall be brought to You.  With gladness and rejoicing they shall be brought.  My heart is overflowing with a good theme; I recite my composition concerning the King.  Glory...",
Trinity 22,Green,Forgive as Forgiven: The Unmerciful Servant,"If You, O Lord, should mark iniquities, O Lord, who could stand? But there is forgiveness with You, that You may be feared. Out of the depths I have cried to You, O Lord; Lord, hear my voice. Glory...","<span class=""liturgist"">Behold, how good and pleasant it is</span><br><span class=""congregation"">For brethren to dwell together in unity!</span><br><span class=""liturgist"">The Lord commanded the blessing:</span><br><span class=""congregation"">Life forevermore.</span><br><span class=""liturgist"">The Lord heals the brokenhearted</span><br><span class=""congregation"">And binds up their wounds.</span><br><span class=""liturgist"">Put on the whole armor of God,</span><br><span class=""congregation"">That you may be able to stand against the wiles of the devil.</span>"
Advent 1,Purple,"Jesus, our Coming King","To You, O Lord, I lift up my soul; O my God, I trust in You. Let me not be ashamed; let not my enemies triumph over me. Indeed, let no one who waits on You be ashamed. Show me Your ways, O Lord; teach me Your paths. Glory be to the Father and to the Son and to the Holy Ghost; as it was in the beginning, is now, and ever shall be, forevermore. Amen.","<span class=""liturgist"">Show me Your ways, O Lord; teach me Your paths.</span><br><span class=""congregation"">Lift up Your heads, O you gates! Lift up, you everlasting doors!</span><br><span class=""liturgist"">And the King of Glory shall come in.</span><br><span class=""congregation"">Who is this King of Glory?</span><br><span class=""liturgist"">The Lord of Hosts, He is the King of Glory!</span><br><span class=""congregation"">Remember, O Lord, Your tender mercies and lovingkindness,</span><br><span class=""liturgist"">For they are from of old.</span>"
Trinity 24,Green,"Death, A Sleep: Jairus' Daughter","Oh come, let us worship and bow down; let us kneel before the Lord our Maker. For He is our God, and we are the people of His pasture and the sheep of His hand. Oh come, let us sing to the Lord; Let us shout joyfully to the Rock of our salvation. Glory...","<span class=""liturgist"">You have delivered my soul from death,</span><br><span class=""congregation"">My eyes from tears, and my feet from falling.</span><br><span class=""liturgist"">I love the Lord,</span><br><span class=""congregation"">Because He has heard my voice and my supplications.</span><br><span class=""liturgist"">With You is the fountain of life;</span><br><span class=""congregation"">In Your light we see light.</span><br><span class=""liturgist"">Behold, I am coming quickly.</span><br><span class=""congregation"">Amen. Even so, come, Lord Jesus!</span>"
Pentecost 13,Green,,,
Pentecost 15,Green,,,
Michaelmas 4,Green,Forgive as Forgiven: The Unmerciful Servant,"If You, O Lord, should mark iniquities, O Lord, who could stand? But there is forgiveness with You, that You may be feared. Out of the depths I have cried to You, O Lord; Lord, hear my voice. Glory...","<span class=""liturgist"">For brethren to dwell together in unity!</span><br><span class=""congregation"">The Lord commanded the blessing:</span><br><span class=""liturgist"">Life forevermore.</span><br><span class=""congregation"">The Lord heals the brokenhearted</span><br><span class=""liturgist"">And binds up their wounds.</span><br><span class=""congregation"">Put on the whole armor of God,</span><br><span class=""liturgist"">That you may be able to stand against the wiles of the devil.</span>"
Trinity 2,Green,Invitation: The Great Supper,"The Lord was my Support. He brought me out into a broad place. He delivered me because He delighted in me. I will love You, O Lord, my Strength; The Lord is my Rock and my Fortress. Glory...","<span class=""liturgist"">In my distress I called to the Lord,</span><br><span class=""congregation"">And He heard me.</span><br><span class=""liturgist"">Deliver my soul, O Lord,</span><br><span class=""congregation"">From lying lips and from a deceitful tongue.</span><br><span class=""liturgist"">God is a just judge,</span><br><span class=""congregation"">And God is angry with the wicked every day.</span><br><span class=""liturgist"">Blessed be the Lord God of our fathers,</span><br><span class=""congregation"">Praise Him and highly exalt Him forever.</span>"
Lent 5,Purple,"Jesus, Son of Abraham: Our High Priest","Vindicate me, O God, and plead my cause against an ungodly nation. Deliver me from the deceitful and unjust man. Send out Your light and Your truth; Let them lead me, let them bring me to Your holy hill. Glory...","<span class=""liturgist"">Deliver me, O Lord, from my enemies,</span><br><span class=""congregation"">Teach me to do Your will.</span><br><span class=""liturgist"">He delivers me from my enemies, You lift me up above those who rise against me.</span><br><span class=""congregation"">You have delivered me from the violent man.</span><br><span class=""liturgist"">Many a time they have afflicted me from my youth,</span><br><span class=""congregation"">Yet they have not prevailed against me.</span><br><span class=""liturgist"">Christ has humbled Himself and become obedient unto death,</span><br><span class=""congregation"">Even the death of the Cross.</span>"
Epiphany 8,White,,,
Trinity 6,Green,Sin and Righteousness,"The Lord is the Strength of His people, He is the saving Strength of His Anointed. Save Your people and bless Your inheritance, shepherd them and bear them up forever. To You I will cry, O Lord, my Rock; do not be silent to me, Lest, if You are silent to me, I become like those who go down to the pit. Glory...","<span class=""liturgist"">Return, O Lord! How long?</span><br><span class=""congregation"">Have compassion on Your servants.</span><br><span class=""liturgist"">Lord, You have been our dwelling place</span><br><span class=""congregation"">In all generations.</span><br><span class=""liturgist"">In You, O Lord, I put my trust; let me never be ashamed, deliver me in Your righteousness.</span><br><span class=""congregation"">Bow down Your ear to me, deliver me speedily.</span><br><span class=""liturgist"">Your Word is a lamp to my feet</span><br><span class=""congregation"">And a light to my path.</span>"
Trinity 4,Green,Christian Unity and Peace,"The Lord is my Light and my Salvation; Whom shall I fear? The Lord is the Strength of my life; of whom shall I be afraid? When the wicked came up against me, my enemies and my foes, They stumbled and fell. Though an army should encamp against me, My heart shall not fear. Glory...","<span class=""liturgist"">O Lord, provide atonement for our sins.</span><br><span class=""congregation"">Why should the nations say, “Where is their God?”</span><br><span class=""liturgist"">Help us, O God of our salvation,</span><br><span class=""congregation"">For the glory of Your Name deliver us.</span><br><span class=""liturgist"">You sat on the throne judging in righteousness;</span><br><span class=""congregation"">Be a Refuge for the oppressed in times of trouble.</span><br><span class=""liturgist"">Blessed be the Lord God of our fathers,</span><br><span class=""congregation"">Praise Him and highly exalt Him forever.</span>"
"St. Philip and St. James, Apostles",White,,"I know whom I have believed and am persuaded that He is able to keep what I have committed to Him until that Day. There is laid up for me the crown of righteousness, which the Lord, the righteous Judge, will give to me. O LORD, You have searched me and known me. You know my sitting down and my rising up; You understand my thought afar off. Glory...",
Conversion of St. Paul,White,,"I know whom I have believed and am persuaded that He is able to keep what I have committed to Him until that Day. There is laid up for me the crown of righteousness, which the Lord, the righteous Judge, will give to me. O LORD, You have searched me and known me. You know my sitting down and my rising up; You understand my thought afar off. Glory...",
Maundy Thursday,Purple,The Lord's Supper,"God forbid that I should glory Except in the cross of our Lord Jesus Christ. In Him is salvation, life, and resurrection from the dead: by Him we are redeemed and set at liberty. God be merciful to us and bless us: and cause His face to shine on us. Glory...",
Trinity 5,Green,Discipleship: Following Christ,"Hear, O Lord, when I cry with my voice; You have been my Help. Do not leave me or forsake me, O God of my salvation. The Lord is my Light and my Salvation; Whom shall I fear? Glory...","<span class=""liturgist"">O God, behold our Shield,</span><br><span class=""congregation"">And look upon the face of Your Anointed.</span><br><span class=""liturgist"">O Lord God of hosts,</span><br><span class=""congregation"">Hear our prayer.</span><br><span class=""liturgist"">The king shall have joy in Your strength,</span><br><span class=""congregation"">And in Your salvation how greatly shall he rejoice!</span><br><span class=""liturgist"">Blessed be the Lord God of our fathers,</span><br><span class=""congregation"">Praise Him and highly exalt Him forever.</span>"
Epiphany 4,White,Trust: Jesus Calms the Storm,"Worship Him, all you gods; Zion hears and is glad. The daughters of Judah rejoice because of Your judgments, O Lord. The Lord reigns, let the earth rejoice; Let the multitude of the isles be glad. Glory...","<span class=""liturgist"">The nations shall fear the Name of the Lord</span><br><span class=""congregation"">And all the kings of the earth Your glory.</span><br><span class=""liturgist"">For the Lord shall build up Zion</span><br><span class=""congregation"">He shall appear in His glory.</span><br><span class=""liturgist"">The Lord reigns, let the earth rejoice;</span><br><span class=""congregation"">Let the multitude of the isles be glad.</span><br><span class=""liturgist"">Jesus Christ is the Light to lighten the Gentiles,</span><br><span class=""congregation"">The Glory of Your people Israel.</span>"
Lent 4,Purple,Bread of Life: Jesus Feeds Five Thousand,"Rejoice with Jerusalem, and be glad with her, all you who love her. Rejoice with her, all you who mourn for her. I was glad when they said to me, ""Let us go into the house of the Lord."" Glory...","<span class=""liturgist"">I was glad when they said to me,</span><br><span class=""congregation"">“Let us go into the house of the Lord.”</span><br><span class=""liturgist"">Peace be within your walls,</span><br><span class=""congregation"">Prosperity within your palaces.</span><br><span class=""liturgist"">Those who trust in the Lord are like Mount Zion</span><br><span class=""congregation"">Which cannot be removed, but abides forever.</span><br><span class=""liturgist"">Christ has humbled Himself and become obedient unto death,</span><br><span class=""congregation"">Even the death of the Cross.</span>"
Trinity 15,Green,Contentment: Lilies of the Field,"Bow down Your ear, O Lord, hear me. You are my God, save Your servant who trusts in You! Be merciful to me, O Lord, for I cry to You all day long. Rejoice the soul of Your servant, For to You, O Lord, I lift up my soul. Glory...","<span class=""liturgist"">It is better to trust in the Lord</span><br><span class=""congregation"">Than to put confidence in man.</span><br><span class=""liturgist"">It is better to trust in the Lord</span><br><span class=""congregation"">Than to put confidence in princes.</span><br><span class=""liturgist"">O God, my heart is steadfast;</span><br><span class=""congregation"">I will sing and give praise, even with my glory.</span><br><span class=""liturgist"">Your Word is a lamp to my feet</span><br><span class=""congregation"">And a light to my path.</span>"
Trinity 7,Green,Providence: Jesus Feeds Four Thousand,"Oh, clap your hands, all you peoples! Shout to God with the voice of triumph. For the Lord Most High is awesome. He will subdue the peoples under us, And the nations under our feet. Glory...","<span class=""liturgist"">Come, you children, listen to me;</span><br><span class=""congregation"">I will teach you the fear of the Lord.</span><br><span class=""liturgist"">They looked to Him and were radiant,</span><br><span class=""congregation"">And their faces were not ashamed.</span><br><span class=""liturgist"">O, clap your hands, all you peoples!</span><br><span class=""congregation"">Shout to God with the voice of triumph.</span><br><span class=""liturgist"">Your Word is a lamp to my feet</span><br><span class=""congregation"">And a light to my path.</span>"
Trinity 14,Green,Thanksgiving: The Ten Lepers,"O God, behold our Shield, and look upon the face of Your Anointed. A day in Your courts is better than a thousand. How lovely is Your tabernacle, O Lord of Hosts! My soul longs, yes, even faints, for the courts of the Lord. Glory...","<span class=""liturgist"">It is a good thing to give thanks to the Lord,</span><br><span class=""congregation"">And to sing praises to Your Name, O Most High.</span><br><span class=""liturgist"">To declare Your lovingkindness in the morning</span><br><span class=""congregation"">And Your faithfulness every night.</span><br><span class=""liturgist"">Praise is awaiting You, O God, in Zion;</span><br><span class=""congregation"">And to You the vow shall be performed.</span><br><span class=""liturgist"">Your Word is a lamp to my feet</span><br><span class=""congregation"">And a light to my path.</span>"
"St. Simon and St. Jude, Apostles",White,,"I know whom I have believed and am persuaded that He is able to keep what I have committed to Him until that Day. There is laid up for me the crown of righteousness, which the Lord, the righteous Judge, will give to me. O LORD, You have searched me and known me. You know my sitting down and my rising up; You understand my thought afar off. Glory...",
Pentecost 6,Green,,,
Pentecost,Red,Holy Spirit,"The Spirit of the Lord fills the whole world. Alleluia! Let the righteous be glad, let them rejoice before God. Let God arise, let His enemies be scattered; Let those also who hate Him flee before Him. Glory...","<span class=""liturgist"">You hide Your face, they are troubled;</span><br><span class=""congregation"">You take away their breath, they die.</span><br><span class=""liturgist"">You send forth Your Spirit, they are created;</span><br><span class=""congregation"">And You renew the face of the earth.</span><br><span class=""liturgist"">May the glory of the Lord endure forever;</span><br><span class=""congregation"">May the Lord rejoice in His works.</span><br><span class=""liturgist"">Come, Holy Spirit, and fill the hearts of Your faithful people,</span><br><span class=""congregation"">And kindle in them the fire of Your love.</span>"
Pentecost 7,Green,,,
Third Last,Green,Signs of the End Times,"Have mercy on me, O LORD, for I am in trouble; Deliver me from the hand of my enemies, And from those who persecute me. Do not let me be ashamed, O LORD, for I have called upon You; In You, O LORD, I put my trust; Let me never be ashamed. Glory...","<span class=""liturgist"">They set up their banners for signs.</span><br><span class=""congregation"">Remember Your congregation, which You purchased of old,</span><br><span class=""liturgist"">The tribe of Your inheritance, which You have redeemed.</span><br><span class=""congregation"">There is a river whose streams shall make glad the city of God,</span><br><span class=""liturgist"">God is in the midst of her, she shall not be moved.</span><br><span class=""congregation"">Behold, I am coming quickly.</span><br><span class=""liturgist"">Amen. Even so, come, Lord Jesus!</span>"
Pentecost second,Red,,,
Easter 6,White,Prayer,"With a voice of singing, declare, proclaim this utter it even to the ends of the earth: say, ""The Lord has redeemed His servant Jacob."" Alleluia! O You who hear prayer, to You all flesh will come. Make a joyful shout to God, all the earth! Sing out the honor of His name, make His praise glorious. Glory...","<span class=""liturgist"">Christ, who has redeemed us with His blood</span><br><span class=""congregation"">Has risen and appeared to us.</span><br><span class=""liturgist"">If I am lifted up from the earth</span><br><span class=""congregation"">I will draw all peoples to Myself.</span><br><span class=""liturgist"">I came forth from the Father and have come into the world.</span><br><span class=""congregation"">Again, I leave the world and go to the Father.</span><br><span class=""liturgist"">Hallelujah! Christ, our Passover is sacrificed for us.</span><br><span class=""congregation"">Therefore let us keep the feast. Hallelujah!</span>"
Monday of Holy Week,Purple,,,
Ash Wednesday,Black or Purple,Penitence and Repentance,,
Second Last,Green,Last Judgment,"Save me, O God, by Your name, and vindicate me by Your strength.  Hear my prayer, O God; give ear to the words of my mouth.  He will repay my enemies for their evil.  Cut them off in Your truth. Glory...","<span class=""liturgist"">And to the earth, that He may judge His people.</span><br><span class=""congregation"">Let the heavens declare His righteousness,</span><br><span class=""liturgist"">For God Himself is Judge.</span><br><span class=""congregation"">The ransomed of the Lord shall return, and come to Zion with singing, with everlasting joy on their heads.</span><br><span class=""liturgist"">They shall obtain joy and gladness, and sorrow and sighing shall flee away.</span><br><span class=""congregation"">Behold, I am coming quickly.</span><br><span class=""liturgist"">Amen. Even so, come, Lord Jesus!</span>"
Epiphany 7,White,,,
Annunciation,Purple,Annunciation: The Virgin Shall Conceive,"Rain down, you heavens from above, and let the skies pour down righteousness.  Let the earth open, and bring forth salvation.  My heart is overflowing with a good theme; I recite my composition concerning the King.  Glory...","<span class=""liturgist"">And a Branch shall grow out of his roots.</span><br><span class=""congregation"">Behold, the virgin shall conceive and bear a Son,</span><br><span class=""liturgist"">And shall call His name Immanuel.</span><br><span class=""congregation"">The angel came in and said to her, “Greetings, you who</span><br><span class=""liturgist"">are highly favored!</span><br><span class=""congregation"">“The Lord is with you.”</span><br><span class=""liturgist"">Christ has humbled Himself and become obedient unto death,</span><br><span class=""congregation"">Even the death of the Cross.</span>"
Epiphany 2,White,Marriage & Family: Wedding in Cana,"All the earth shall worship You and sing praises to You. They shall sing praises to Your Name. Make a joyful shout to God, all the earth! Sing out the honor of His Name, make His praise glorious. Glory...","<span class=""liturgist"">The Lord sent His Word and healed them</span><br><span class=""congregation"">And delivered them from their destructions.</span><br><span class=""liturgist"">Oh, that men would give thanks to the Lord for His goodness,</span><br><span class=""congregation"">And for His wonderful works to the children of men!</span><br><span class=""liturgist"">Praise Him, all His angels!</span><br><span class=""congregation"">Praise Him, all His hosts!</span><br><span class=""liturgist"">Jesus Christ is the Light to lighten the Gentiles,</span><br><span class=""congregation"">The Glory of Your people Israel.</span>"
Easter 4,White,The New Creation: A Little While,"Make a joyful shout to God, all the earth! Sing out the honor of His name, make His praise glorious. Alleluia! Say to God, ""How awesome are Your works! Through the greatness of Your power Your enemies shall submit themselves to You."" All the earth shall worship You and sing praises to You. Glory...","<span class=""liturgist"">I will praise the Lord with my whole heart</span><br><span class=""congregation"">In the assembly of the upright and in the congregation.</span><br><span class=""liturgist"">The Lord has sent redemption to His people.</span><br><span class=""congregation"">He has commanded His covenant forever.</span><br><span class=""liturgist"">Thus it is written and thus it was necessary for the Christ to suffer</span><br><span class=""congregation"">And to rise from the dead the third day.</span><br><span class=""liturgist"">Hallelujah! Christ, our Passover is sacrificed for us.</span><br><span class=""congregation"">Therefore let us keep the feast. Hallelujah!</span>"
Epiphany 3,White,Missions: Jesus Heals a Leper and a Servant,"Worship Him, all you gods; Zion hears and is glad. The daughters of Judah rejoice because of Your judgments, O Lord. The Lord reigns, let the earth rejoice; Let the multitude of the isles be glad. Glory...","<span class=""liturgist"">The nations shall fear the Name of the Lord</span><br><span class=""congregation"">And all the kings of the earth Your glory.</span><br><span class=""liturgist"">For the Lord shall build up Zion</span><br><span class=""congregation"">He shall appear in His glory.</span><br><span class=""liturgist"">The Lord reigns, let the earth rejoice;</span><br><span class=""congregation"">Let the multitude of the isles be glad.</span><br><span class=""liturgist"">Jesus Christ is the Light to lighten the Gentiles,</span><br><span class=""congregation"">The Glory of Your people Israel.</span>"
Trinity 3,Green,Evangelism: Lost Sheep,"Turn Yourself to me and have mercy on me, for I am desolate and afflicted. Look on my affliction and my pain, and forgive all my sins. To You, O Lord, I lift up my soul. O my God, I trust in You, let me not be ashamed. Glory...","<span class=""liturgist"">Cast your burden on the Lord,</span><br><span class=""congregation"">And He shall sustain you.</span><br><span class=""liturgist"">I will call upon God, and the Lord shall save me.</span><br><span class=""congregation"">He has redeemed my soul in peace.</span><br><span class=""liturgist"">I will love You, O Lord, my Strength;</span><br><span class=""congregation"">The Lord is my Rock and my Fortress and my Deliverer.</span><br><span class=""liturgist"">Blessed be the Lord God of our fathers,</span><br><span class=""congregation"">Praise Him and highly exalt Him forever.</span>"
Easter 5,White,The Singing Church: The Spirit of Truth,"Oh, sing to the Lord a new song! For He has done marvelous things. Alleluia! The Lord has made known His Salvation; His Righteousness He has openly shown in the sight of the nations. His Right Hand and His holy arm have gained Him the victory. Glory...","<span class=""liturgist"">The Lord is my strength and my song</span><br><span class=""congregation"">And He has become my Salvation.</span><br><span class=""liturgist"">The Right Hand of the Lord is exalted;</span><br><span class=""congregation"">The Right Hand of the Lord does valiantly.</span><br><span class=""liturgist"">Christ, having been raised from the dead, dies no more.</span><br><span class=""congregation"">Death no longer has dominion over Him.</span><br><span class=""liturgist"">Hallelujah! Christ, our Passover is sacrificed for us.</span><br><span class=""congregation"">Therefore let us keep the feast. Hallelujah!</span>"
Pentecost Vigil,Red,Holy Spirit,,
Epiphany,White,"Jesus, Savior of Gentiles: The Wise Men","Behold, the Lord, the Ruler, has come, and the kingdom and the power and the glory are in His hand. All kings shall fall down before Him, all nations shall serve Him. Give the King Your judgments, O God, And Your righteousness to the King''s Son. Glory...","<span class=""liturgist"">All those from Sheba will come, they shall bring gold and incense</span><br><span class=""congregation"">And they shall proclaim the praises of the Lord.</span><br><span class=""liturgist"">Arise, shine, for your Light is come</span><br><span class=""congregation"">And the Glory of the Lord is risen upon you.</span><br><span class=""liturgist"">We have seen His star in the east</span><br><span class=""congregation"">And have come with gifts to worship the Lord.</span><br><span class=""liturgist"">Jesus Christ is the Light to lighten the Gentiles,</span><br><span class=""congregation"">The Glory of Your people Israel.</span>"
Pentecost 9,Green,,,
Pentecost 16,Green,,,
Presentation of our Lord,White,The Fulfillment of All That Was Spoken,,
Michaelmas 7,Green,Signs of the End Times,"Have mercy on me, O LORD, for I am in trouble; Deliver me from the hand of my enemies, And from those who persecute me. Do not let me be ashamed, O LORD, for I have called upon You; In You, O LORD, I put my trust; Let me never be ashamed. Glory...","<span class=""liturgist"">They set up their banners for signs.</span><br><span class=""congregation"">Remember Your congregation, which You purchased of old,</span><br><span class=""liturgist"">The tribe of Your inheritance, which You have redeemed.</span><br><span class=""congregation"">There is a river whose streams shall make glad the city of God,</span><br><span class=""liturgist"">God is in the midst of her, she shall not be moved.</span><br><span class=""congregation"">Behold, I am coming quickly.</span><br><span class=""liturgist"">Amen. Even so, come, Lord Jesus!</span>"
Pentecost 19,Green,,,
Easter second,White,Jesus' Resurrection,,
Baptism of Jesus,Green,"Baptism of Our Lord, Jesus","You are fairer than the sons of men, grace is poured upon Your lips.  Therefore God has blessed You forever.  Gird Your sword upon Your thigh, O Mighty One, With Your glory and Your majesty.  Glory...","<span class=""liturgist"">You have declared Your strength among the peoples.</span><br><span class=""congregation"">You have with Your arm redeemed Your people,</span><br><span class=""liturgist"">The sons of Jacob and Joseph.</span><br><span class=""congregation"">Make a joyful shout to the Lord, all You lands!</span><br><span class=""liturgist"">Serve the Lord with gladness, come before His presence with thanksgiving.</span><br><span class=""congregation"">Christ has humbled Himself and become obedient unto death,</span><br><span class=""liturgist"">Even the death of the Cross.</span>"
Pentecost 3,Green,,,
Last,White,Heaven's Eternal Joy: The Bride of Christ,"I know the thoughts I think toward you, says the Lord, thoughts of peace and not of evil.  Then you will call upon Me and go and pray to Me, and I will listen to you.  Lord, You have been favorable to Your land; You have brought back the captivity of Jacob.  Glory...","<span class=""liturgist"">The King’s daughter shall be brought to the King;</span><br> <span class=""congregation"">The virgins, her companions who follow her, shall be brought to You.</span><br> <span class=""liturgist"">With gladness and rejoicing they shall be brought;</span><br> <span class=""congregation"">They shall enter the king’s palace.</span><br> <span class=""liturgist"">Then I saw the holy city, New Jerusalem, coming down out of heaven from God,</span><br> <span class=""congregation"">Prepared as a bride adorned for her husband.</span><br> <span class=""liturgist"">Behold, I am coming quickly.</span><br> <span class=""congregation"">Amen. Even so, come, Lord Jesus!</span>"
Presentation of the Augsburg Confession,Red,The Birthday of the Lutheran Church,"I will speak of Your testimonies also before kings, And will not be ashamed. God is our refuge and strength, A very present help in trouble. Therefore we will not fear, Even though the earth be removed, And though the mountains be carried into the midst of the sea; I will speak of Your testimonies also before kings, And will not be ashamed. Glory...",
Palm Sunday,Purple,"Jesus, our King, Enters Jerusalem","Vindicate me, O God, and plead my cause against an ungodly nation. Deliver me from the deceitful and unjust man. Send out Your light and Your truth; Let them lead me, let them bring me to Your holy hill.","<span class=""liturgist"">You hold me by my right hand</span><br><span class=""congregation"">You will guide me with Your counsel and afterward receive me to glory</span><br><span class=""liturgist"">Truly God is good to Israel,</span><br><span class=""congregation"">To such as are pure in heart.</span><br><span class=""liturgist"">But as for me, my feet had almost stumbled;</span><br><span class=""congregation"">My steps had nearly slipped when I saw the prosperity of the wicked.</span><br><span class=""liturgist"">Christ has humbled Himself and become obedient unto death,</span><br><span class=""congregation"">Even the death of the Cross.</span>"
Circumcision and Name of Jesus,White,Jesus Fulfills the Law,"O Lord, our Lord, how excellent is Your Name in all the earth, You who set Your Glory above the heavens! What is man that You are mindful of him, the Son of Man that You visit Him? You, O Lord, are our Father; Our Redeemer from Everlasting is Your name. Glory...",
Pentecost 11,Green,,,
Pentecost 5,Green,,,
Easter 2,White,"Faith: Thomas Doubts, Then Believes","As newborn babes, desire the pure milk of the Word. Alleluia! Hear, O My people, and I will admonish you, O Israel, if you would listen to Me! Sing aloud to God our strength, make a joyful shout to the God of Jacob. Glory...","<span class=""liturgist"">Christ, having been raised from the dead, dies no more.</span><br><span class=""congregation"">Death no longer has dominion over Him.</span><br><span class=""liturgist"">An angel of the Lord descended from heaven.</span><br><span class=""congregation"">He rolled back the stone from the door, and sat on it.</span><br><span class=""liturgist"">Blessed are those who have not seen</span><br><span class=""congregation"">And yet have believed.</span><br><span class=""liturgist"">Hallelujah! Christ, our Passover is sacrificed for us.</span><br><span class=""congregation"">Therefore let us keep the feast. Hallelujah!</span>"
Easter 3,White,"Jesus, our Good Shepherd","The earth is full of the goodness of the Lord. Alleluia! By the Word of the Lord the heavens were made. Rejoice in the Lord, O you righteous! For praise from the upright is beautiful. Glory...","<span class=""liturgist"">Then was the Lord Jesus known to them</span><br><span class=""congregation"">In the breaking of bread.</span><br><span class=""liturgist"">I am the Good Shepherd,</span><br><span class=""congregation"">I know My sheep and am known by My own.</span><br><span class=""liturgist"">My Father loves Me, because I lay down My life</span><br><span class=""congregation"">That I may take it up again.</span><br><span class=""liturgist"">Hallelujah! Christ, our Passover is sacrificed for us.</span><br><span class=""congregation"">Therefore let us keep the feast. Hallelujah!</span>"
Pentecost 25,Green,,,
Trinity 20,Green,Confirmation: Perseverance in Faith,"The Lord our God is righteous in all the works which He does, though we have not obeyed His voice. Give glory to Your Name, O Lord, and deal with Your servant according to Your mercy. Great is the Lord, and greatly to be praised In the city of our God, in His holy mountain. Glory...","<span class=""liturgist"">The eyes of all look expectantly to You</span><br><span class=""congregation"">And You give them their food in due season.</span><br><span class=""liturgist"">You open Your hand</span><br><span class=""congregation"">And satisfy the desire of every living thing.</span><br><span class=""liturgist"">Out of the depths I have cried to You, O Lord;</span><br><span class=""congregation"">Lord, hear my voice!</span><br><span class=""liturgist"">Put on the whole armor of God,</span><br><span class=""congregation"">That you may be able to stand against the wiles of the devil.</span>"
Nativity of St. John the Baptist,White,The Nativity of John the Baptist,"I know whom I have believed and am persuaded that He is able to keep what I have committed to Him until that Day. There is laid up for me the crown of righteousness, which the Lord, the righteous Judge, will give to me. O LORD, You have searched me and known me. You know my sitting down and my rising up; You understand my thought afar off. Glory...",
New Year's Eve,White,New Year,,
Quinquagesima,Green,Up to Jerusalem,"Be my Rock of refuge, a Fortress of defense to save me. For You are my Rock and my Fortress, therefore for Your Name''s sake lead me and guide me. In You, O Lord, I put my trust, Let me never be ashamed. Glory...","<span class=""liturgist"">You are the God who does wonders,</span><br><span class=""congregation"">You have declared Your strength among the peoples.</span><br><span class=""liturgist"">You have with Your arm redeemed Your people,</span><br><span class=""congregation"">The sons of Jacob and Joseph.</span><br><span class=""liturgist"">Make a joyful shout to the Lord, all You lands!</span><br><span class=""congregation"">Serve the Lord with gladness, come before His presence with thanksgiving.</span><br><span class=""liturgist"">Christ has humbled Himself and become obedient unto death,</span><br><span class=""congregation"">Even the death of the Cross.</span>"
St. Stephen the Martyr,Red,Suffering for Christ,"I know whom I have believed and am persuaded that He is able to keep what I have committed to Him until that Day. There is laid up for me the crown of righteousness, which the Lord, the righteous Judge, will give to me. O LORD, You have searched me and known me. You know my sitting down and my rising up; You understand my thought afar off. Glory...",
Christmas 1,White,The Presentation of Christ,"Your testimonies are very sure, holiness adorns Your house O Lord, forever. Your throne is established from of old, You are everlasting. The Lord reigns, He is clothed with majesty; The Lord is clothed, He has girded Himself with strength. Glory...","<span class=""liturgist"">You are fairer than the sons of men;</span><br><span class=""congregation"">Grace is poured out on Your lips.</span><br><span class=""liturgist"">My heart is overflowing with a good theme; I recite my composition concerning the King.</span><br><span class=""congregation"">My tongue is the pen of a ready writer.</span><br><span class=""liturgist"">God, Your God, has anointed You with the oil of gladness.</span><br><span class=""congregation"">Your throne, O God, is forever and ever.</span><br><span class=""liturgist"">Let the heavens rejoice and let the earth be glad before the Lord,</span><br><span class=""congregation"">For He has made known His Salvation.</span>"
Trinity 21,Green,Spiritual Armor,"O Lord, King Almighty, Your power is over all things; there is no one who is able to resist Your will. You have made heaven and earth and all things enclosed by the heavens. Blessed are the undefiled in the way, Who walk in the law of the Lord. Glory...","<span class=""liturgist"">Lord, You have been our Dwelling Place</span><br><span class=""congregation"">In all generations.</span><br><span class=""liturgist"">Before the mountains were brought forth, or ever You had formed the earth and the world,</span><br><span class=""congregation"">From everlasting to everlasting, You are God.</span><br><span class=""liturgist"">Those who trust in the Lord are like Mount Zion,</span><br><span class=""congregation"">Which cannot be moved, but abides forever.</span><br><span class=""liturgist"">Put on the whole armor of God,</span><br><span class=""congregation"">That you may be able to stand against the wiles of the devil.</span>"
Pentecost 22,Green,,,
Pentecost 12,Green,,,
St. Thomas the Apostle,White,Strenthening of Faith,"I know whom I have believed and am persuaded that He is able to keep what I have committed to Him until that Day. There is laid up for me the crown of righteousness, which the Lord, the righteous Judge, will give to me. O LORD, You have searched me and known me. You know my sitting down and my rising up; You understand my thought afar off. Glory...",
Tuesday of Holy Week,Purple,,,
Michaelmas 2,Green,Confirmation: Perseverance in Faith,"The Lord our God is righteous in all the works which He does, though we have not obeyed His voice. Give glory to Your Name, O Lord, and deal with Your servant according to Your mercy. Great is the Lord, and greatly to be praised In the city of our God, in His holy mountain. Glory...","<span class=""liturgist"">And You give them their food in due season.</span><br><span class=""congregation"">You open Your hand</span><br><span class=""liturgist"">And satisfy the desire of every living thing.</span><br><span class=""congregation"">Out of the depths I have cried to You, O Lord;</span><br><span class=""liturgist"">Lord, hear my voice!</span><br><span class=""congregation"">Put on the whole armor of God,</span><br><span class=""liturgist"">That you may be able to stand against the wiles of the devil.</span>"
St. Matthias the Apostle,White,,"I know whom I have believed and am persuaded that He is able to keep what I have committed to Him until that Day. There is laid up for me the crown of righteousness, which the Lord, the righteous Judge, will give to me. O LORD, You have searched me and known me. You know my sitting down and my rising up; You understand my thought afar off. Glory...",
Sexagesima,Green,Word of God: Sower and the Seed,"Awake! Why do You sleep, O Lord? Arise! Do not cast us off forever. Why do You hide Your face and forget our affliction and our oppression? We have heard with our ears, O God, our fathers have told us What deeds You did in their days. Glory...","<span class=""liturgist"">Let the people know that Your Name is the Lord</span><br><span class=""congregation"">You alone are the Most High over all the earth.</span><br><span class=""liturgist"">O my God, make them like the whirling dust,</span><br><span class=""congregation"">Like chaff before the wind!</span><br><span class=""liturgist"">O God, You have shown Your people hard things</span><br><span class=""congregation"">That Your beloved may be delivered, save with Your Right Hand.</span><br><span class=""liturgist"">Christ has humbled Himself and become obedient unto death,</span><br><span class=""congregation"">Even the death of the Cross.</span>"
Trinity 23,Green,Citizenship: Render to Caesar and to God,"I know the thoughts I think toward you, says the Lord, thoughts of peace and not of evil. Then you will call upon Me and pray to Me, and I will listen to you. Lord, You have been favorable to Your land; You have brought back the captivity of Jacob. Glory...","<span class=""liturgist"">You have saved us from our enemies,</span><br><span class=""congregation"">And have put to shame those who hated us.</span><br><span class=""liturgist"">In God we boast all day long,</span><br><span class=""congregation"">And praise Your Name forever.</span><br><span class=""liturgist"">You who fear the Lord, trust in the Lord;</span><br><span class=""congregation"">He is their Help and their Shield.</span><br><span class=""liturgist"">Put on the whole armor of God,</span><br><span class=""congregation"">That you may be able to stand against the wiles of the devil.</span>"
Advent 2,Purple,Watchfulness,"Daughter of Zion, surely your Salvation is coming. The Lord will cause His glorious voice to be heard, and you shall have gladness of heart. Give ear, O Shepherd of Israel, You who lead Joseph like a flock; Stir up Your strength, and come and save us! Glory.. .","<span class=""liturgist"">Out of Zion, the perfection of beauty, God shines forth;</span><br><span class=""congregation"">Our God shall come, and shall not keep silent</span><br><span class=""liturgist"">Gather My saints together to Me,</span><br><span class=""congregation"">Those who have made a covenant with Me by sacrifice.</span><br><span class=""liturgist"">The powers of the heavens will be shaken, then they shall see</span><br><span class=""congregation"">the Son of Man</span><br><span class=""liturgist"">Coming in a cloud with power and great glory.</span><br><span class=""congregation"">Remember, O Lord, Your tender mercies and lovingkindness,</span><br><span class=""liturgist"">For they are from of old.</span>"
"St. Peter and St. Paul, Apostles",White,,"I know whom I have believed and am persuaded that He is able to keep what I have committed to Him until that Day. There is laid up for me the crown of righteousness, which the Lord, the righteous Judge, will give to me. O LORD, You have searched me and known me. You know my sitting down and my rising up; You understand my thought afar off. Glory...",
Pentecost 18,Green,,,
St. Andrew the Apostle,White,,"I know whom I have believed and am persuaded that He is able to keep what I have committed to Him until that Day. There is laid up for me the crown of righteousness, which the Lord, the righteous Judge, will give to me. O LORD, You have searched me and known me. You know my sitting down and my rising up; You understand my thought afar off. Glory...",
Pentecost 4,Green,,,
Christmas Vigil,White,Nativity of our Lord,"When all was still and it was midnight, Your almighty Word, O Lord, descended from the royal throne.  The Lord reigns, He is clothed with majesty.  The Lord said to Me, ""You are My Son, today I have begotten You.""  Glory...",
Pentecost 10,Green,,,
Pentecost 20,Green,,,
Septuagesima,Green,By Grace Alone: Laborers in the Vineyard,"The pangs of death encompassed me, the sorrows of hell surrounded me. The floods of ungodliness made me afraid. In my distress I called upon the Lord, And He heard my voice from His temple. Glory...","<span class=""liturgist"">The Lord will be a refuge for the oppressed, a refuge in times of trouble.</span><br><span class=""congregation"">And those who know Your Name will put their trust in You, for You, Lord, have not forsaken those who seek You.</span><br><span class=""liturgist"">For the needy shall not always be forgotten, the expectation of the poor shall not perish forever.</span><br><span class=""congregation"">Arise, O Lord, do not let man prevail.</span><br><span class=""liturgist"">If You, Lord should mark iniquities, O Lord, who could stand?</span><br><span class=""congregation"">But there is forgiveness with You, that You may be feared.</span><br><span class=""liturgist"">Christ has humbled Himself and become obedient unto death,</span><br><span class=""congregation"">Even the death of the Cross.</span>"
Christmas,White,Nativity of our Lord,"Unto Us a Child is born, unto us a Son is given, and government will be upon His shoulder.  His name shall be called Worderful Counselor, Mighty God, Everlasting Father, Prince of Peace.  Oh, sing to the Lord a new song, For He has done marvelous things.  Glory...","<span class=""liturgist"">All the ends of the earth have seen the Salvation of our God;</span><br><span class=""congregation"">Shout joyfully to the Lord, all the earth.</span><br><span class=""liturgist"">The Lord has made known His Salvation;</span><br><span class=""congregation"">His Righteousness He has revealed in the sight of the nations.</span><br><span class=""liturgist"">The Lord said to Me, “You are My Son, today I have begotten You.”</span><br><span class=""congregation"">Oh, come let us sing to the Lord, let us worship and bow down.</span><br><span class=""liturgist"">Let the heavens rejoice and let the earth be glad before the Lord,</span><br><span class=""congregation"">For He has made known His Salvation.</span>"
Pentecost 8,Green,,,
Epiphany 1,White,Youth: The Boy Jesus in the Temple,"I saw the Lord sitting on a throne, high and lifted up. I heard the voice of a great multitude saying, ""Alleluia! For the Lord God Omnipotent reigns!"" Make a joyful shout to the Lord, all you lands. Serve the Lord with gladness. Glory...","<span class=""liturgist"">Blessed be the Lord God, the God of Israel, who only does</span><br><span class=""congregation"">wondrous things.</span><br><span class=""liturgist"">Blessed be His glorious Name forever!</span><br><span class=""congregation"">The mountains will bring peace to Your people</span><br><span class=""liturgist"">And the little hills righteousness.</span><br><span class=""congregation"">Make a joyful shout to the Lord, all you lands.</span><br><span class=""liturgist"">Serve the Lord with gladness.</span><br><span class=""congregation"">Jesus Christ is the Light to lighten the Gentiles,</span><br><span class=""liturgist"">The Glory of Your people Israel.</span>"
Pentecost 23,Green,,,
Epiphany 6,White,,,
Advent 3,Purple,Forerunners of Christ,"Rejoice in the Lord always. Again I will say, rejoice! Let your gentleness be known to all men. The Lord is at hand. Be anxious for nothing, but in everything by prayer and supplication, with thanksgiving, let your requests be known to God. Lord, You have been favorable to Your land; You have brought back the captivity of Jacob. Glory...","<span class=""liturgist"">Show us Your mercy, Lord,</span><br><span class=""congregation"">And grant us Your Salvation.</span><br><span class=""liturgist"">I will hear what God the Lord will speak, for He will speak peace to His people and to His saints.</span><br><span class=""congregation"">Surely His Salvation is near to those who fear Him.</span><br><span class=""liturgist"">Behold, I send My messenger,</span><br><span class=""congregation"">And he will prepare the way before Me.</span><br><span class=""liturgist"">Remember, O Lord, Your tender mercies and lovingkindness,</span><br><span class=""congregation"">For they are from of old.</span>"
Lent 2,Purple,Persistent Faith: The Woman of Canaan,"Remember, O Lord, Your tender mercies and lovingkindnesses, for they have been from of old. Let not my enemies triumph over me. Redeem Israel, O God, Out of all their troubles! To You, O LORD, I lift up my soul. O my God, I trust in You; Let me not be ashamed Glory...","<span class=""liturgist"">The troubles of my heart have enlarged;</span><br><span class=""congregation"">Oh, bring me out of my distresses!</span><br><span class=""liturgist"">Look on my affliction and pain</span><br><span class=""congregation"">And forgive me all my sins.</span><br><span class=""liturgist"">O give thanks unto the Lord, for He is good!</span><br><span class=""congregation"">For His mercy endures forever!</span><br><span class=""liturgist"">Christ has humbled Himself and become obedient unto death,</span><br><span class=""congregation"">Even the death of the Cross.</span>"
Ascension,White,Exaltation of Christ,"Men of Galilee, why do you stand gazing up into heaven? Alleluia! This same Jesus, who was taken up from you into heaven, will so come in like manner as you saw Him go into heaven. Alleluia! Alleluia! Oh, clap your hands, all you peoples! Shout to God with the voice of triumph! Glory...","<span class=""liturgist"">The Lord with the sound of a trumpet.</span><br><span class=""congregation"">Oh, clap your hands, all you peoples!</span><br><span class=""liturgist"">Shout to God with the voice of triumph!</span><br><span class=""congregation"">God reigns over the nations;</span><br><span class=""liturgist"">God sits on His holy throne.</span><br><span class=""congregation"">You have ascended on high,</span><br><span class=""liturgist"">You have led captivity captive.</span>"
Trinity 11,Green,Humility: The Pharisee and the Tax-Collector,"God is in His holy habitation; He sets the solitary in families. The God of Israel gives strength and power to His people. Let God arise, let His enemies be scattered; Let those also who hate Him flee before Him. Glory...","<span class=""liturgist"">My heart trusted in God, and I am helped,</span><br><span class=""congregation"">My heart greatly rejoices and with my song I will praise Him.</span><br><span class=""liturgist"">To You, I will cry, O Lord my Rock,</span><br><span class=""congregation"">Do not be silent to me; hear the voice of my supplications.</span><br><span class=""liturgist"">Lord, You have been our dwelling place</span><br><span class=""congregation"">In all generations.</span><br><span class=""liturgist"">Your Word is a lamp to my feet</span><br><span class=""congregation"">And a light to my path.</span>"
Trinity 1,Green,Apostles and Prophets: Rich Man and Lazarus,"I have trusted in Your mercy, my heart shall rejoice in Your salvation. I will sing to the Lord, because He has dealt bountifully with me. How long, O Lord? Will You forget me forever? How long will You hide Your face from me? Glory...","<span class=""liturgist"">I said, “Lord, be merciful to me;</span><br><span class=""congregation"">Heal my soul, for I have sinned against You.”</span><br><span class=""liturgist"">Blessed is he who considers the poor;</span><br><span class=""congregation"">The Lord will deliver him in time of trouble.</span><br><span class=""liturgist"">Give ear to my words, O Lord,</span><br><span class=""congregation"">Consider my meditation.</span><br><span class=""liturgist"">Blessed be the Lord God of our fathers,</span><br><span class=""congregation"">Praise Him and highly exalt Him forever.</span>"
Trinity 8,Green,Beware of False Prophets,"We have thought, O God, on Your lovingkindness, in the midst of Your temple. According to Your Name, O God, so is Your praise to the end of the earth. Great is the Lord, and greatly to be praised, In the city of our God, in the mountain of His holiness. Glory...","<span class=""liturgist"">Be my rock of refuge,</span><br><span class=""congregation"">A fortress of defense to save me.</span><br><span class=""liturgist"">In You, O Lord, I put my trust,</span><br><span class=""congregation"">Let me not be ashamed.</span><br><span class=""liturgist"">Give ear, O my people, to my law;</span><br><span class=""congregation"">Incline your ears to the words of my mouth.</span><br><span class=""liturgist"">Your Word is a lamp to my feet</span><br><span class=""congregation"">And a light to my path.</span>"
Pentecost 2,Green,,,
Easter 7,White,The Promised Comforter,"Hear, O God, when I cry with my voice. Alleluia! The Lord is my Light and my Salvation; whom shall I fear? When You said, ""Seek My face,"" my heart said to You: ""Your face, Lord I will seek."" Do not hide Your face from me. Glory...","<span class=""liturgist"">God reigns over the nations,</span><br><span class=""congregation"">God sits on His holy throne.</span><br><span class=""liturgist"">I will pour out the Spirit of grace and supplication</span><br><span class=""congregation"">And they will look on Me whom they have pierced.</span><br><span class=""liturgist"">I will not leave you orphans; I am going away and coming back to you</span><br><span class=""congregation"">And your heart shall rejoice.</span><br><span class=""liturgist"">Hallelujah! Christ, our Passover is sacrificed for us.</span><br><span class=""congregation"">Therefore let us keep the feast. Hallelujah!</span>"
Trinity 10,Green,Renewed Obedience: Jesus Cleanses the Temple,"As for me, I will call upon God, He shall hear my voice. He has redeemed my soul in peace from the battle which was against me. God will hear, and afflict them, even He who abides of old. Cast your burden on the Lord, and He shall sustain you. Give ear to my prayer, O God, and do not hide Yourself. Glory...","<span class=""liturgist"">Keep me as the apple of Your eye;</span><br><span class=""congregation"">Hide me under the shadow of Your wings.</span><br><span class=""liturgist"">Let my vindication come from Your presence;</span><br><span class=""congregation"">Let Your eyes look on the things that are upright.</span><br><span class=""liturgist"">O Lord, God of my salvation,</span><br><span class=""congregation"">I have cried out day and night before You.</span><br><span class=""liturgist"">Your Word is a lamp to my feet</span><br><span class=""congregation"">And a light to my path.</span>"
St. Luke the Evangelist,White,,"I know whom I have believed and am persuaded that He is able to keep what I have committed to Him until that Day. There is laid up for me the crown of righteousness, which the Lord, the righteous Judge, will give to me. O LORD, You have searched me and known me. You know my sitting down and my rising up; You understand my thought afar off. Glory...",
Wednesday of Holy Week,Purple,,,
Trinity 18,Green,Law and Gospel: The Great Commandment,"Reward them who wait for You, O Lord, and let Your prophets be found faithful. Hear the prayer of Your servants and of Your people Israel. I was glad when they said to me, ""Let us go into the house of the Lord."" Glory...","<span class=""liturgist"">I was glad when they said to me,</span><br><span class=""congregation"">Let us go into the house of the Lord.</span><br><span class=""liturgist"">Peace be within your walls,</span><br><span class=""congregation"">Prosperity within your palaces.</span><br><span class=""liturgist"">Praise the Lord, all you Gentiles!</span><br><span class=""congregation"">Laud Him, all you peoples!</span><br><span class=""liturgist"">Your Word is a lamp to my feet</span><br><span class=""congregation"">And a light to my path.</span>"
Good Friday,Black,Jesus' Atoning Death,"Surely He has borne our griefs and carried our sorrows. He was wounded for our transgressions, He was bruised for our iniquities. All we like sheep have gone astray: and the Lord has laid on Him the iniquity of us all. Hear my prayer, O Lord: and let my cry come to You.  [The Gloria Patri is omitted on this day.]",
"St. Matthew, Apostle and Evangelist",White,,"I know whom I have believed and am persuaded that He is able to keep what I have committed to Him until that Day. There is laid up for me the crown of righteousness, which the Lord, the righteous Judge, will give to me. O LORD, You have searched me and known me. You know my sitting down and my rising up; You understand my thought afar off. Glory...",
Transfiguration,White,Jesus' Transfiguration,"The lightnings lit up the world, the earth trembled and shook. Blessed are those who dwell in Your house. How lovely is Your tabernacle, O Lord of hosts! My soul longs, yes, even faints for the courts of the Lord. Glory...","<span class=""liturgist"">You are fairer than the sons of men</span><br><span class=""congregation"">Grace is poured upon Your lips.</span><br><span class=""liturgist"">The Lord said to my Lord;</span><br><span class=""congregation"">“Sit at My right hand, till I make Your enemies Your footstool.”</span><br><span class=""liturgist"">Sing to the Lord, bless His Name; proclaim the good news of His salvation from day to day.</span><br><span class=""congregation"">Declare His glory among the nations.</span><br><span class=""liturgist"">Jesus Christ is the Light to lighten the Gentiles,</span><br><span class=""congregation"">The Glory of Your people Israel.</span>"
St. Mark the Evangelist,White,,"I know whom I have believed and am persuaded that He is able to keep what I have committed to Him until that Day. There is laid up for me the crown of righteousness, which the Lord, the righteous Judge, will give to me. O LORD, You have searched me and known me. You know my sitting down and my rising up; You understand my thought afar off. Glory...",
Trinity,White,Born of the Spirit,"Blessed be the Holy Trinity and the undivided Unity; let us give glory to Him because He has shown mercy to us. O Lord, our Lord, how excellent is Your Name in all the earth! Glory...","<span class=""liturgist"">Who beholds the deep and who dwells between the cherubim.</span><br><span class=""congregation"">Blessed are You, O Lord,</span><br><span class=""liturgist"">In the firmament of heaven, and greatly to be praised forever.</span><br><span class=""congregation"">Blessed are You, O Lord,</span><br><span class=""liturgist"">God of our fathers, and greatly to be praised forever.</span><br><span class=""congregation"">Blessed be the Lord God of our fathers,</span><br><span class=""liturgist"">Praise Him and highly exalt Him forever.</span>"
Michaelmas 5,Green,Citizenship: Render to Caesar and to God,"I know the thoughts I think toward you, says the Lord, thoughts of peace and not of evil. Then you will call upon Me and pray to Me, and I will listen to you. Lord, You have been favorable to Your land; You have brought back the captivity of Jacob. Glory...","<span class=""liturgist"">And have put to shame those who hated us.</span><br><span class=""congregation"">In God we boast all day long,</span><br><span class=""liturgist"">And praise Your Name forever.</span><br><span class=""congregation"">You who fear the Lord, trust in the Lord;</span><br><span class=""liturgist"">He is their Help and their Shield.</span><br><span class=""congregation"">Put on the whole armor of God,</span><br><span class=""liturgist"">That you may be able to stand against the wiles of the devil.</span>"
"St. John, Apostle and Evangelist",White,Living in the Light of God's Word,"I know whom I have believed and am persuaded that He is able to keep what I have committed to Him until that Day. There is laid up for me the crown of righteousness, which the Lord, the righteous Judge, will give to me. O LORD, You have searched me and known me. You know my sitting down and my rising up; You understand my thought afar off. Glory...",
Pentecost 14,Green,,,
Trinity 13,Green,Charity: The Good Samaritan,"Have respect, O Lord, to Your covenant; do not let the oppressed return ashamed. Arise, O God, plead Your own cause; do not forget the voice of Your enemies. O God, why have You cast us off forever? Why does Your anger smoke against the sheep of Your pasture? Glory...","<span class=""liturgist"">Have respect, O Lord, to Your covenant;</span><br><span class=""congregation"">Do not let the oppressed return ashamed.</span><br><span class=""liturgist"">Arise, O God, plead Your own cause;</span><br><span class=""congregation"">Do not forget the voice of Your enemies.</span><br><span class=""liturgist"">O Lord, God of my salvation;</span><br><span class=""congregation"">I have cried out day and night before You.</span><br><span class=""liturgist"">Your Word is a lamp to my feet</span><br><span class=""congregation"">And a light to my path.</span>"
Holy Saturday,Black,,,
Trinity 17,Green,Christian Freedom: Healing on the Sabbath,"Righteous are You, O Lord, and upright are Your judgments. Deal with Your servant according to Your mercy. Blessed are the undefiled in the way, Who walk in the law of the Lord. Glory...","<span class=""liturgist"">Blessed is the nation whose God is the Lord</span><br><span class=""congregation"">And the people whom He has chosen as His own inheritance.</span><br><span class=""liturgist"">By the Word of  the Lord the heavens were made.</span><br><span class=""congregation"">And all the host of them by the breath of His mouth.</span><br><span class=""liturgist"">The Right Hand of the Lord is exalted;</span><br><span class=""congregation"">The Right Hand of the Lord does valiantly.</span><br><span class=""liturgist"">Your Word is a lamp to my feet</span><br><span class=""congregation"">And a light to my path.</span>"
Easter Vigil,White,Jesus' Resurrection,,
Lent 1,Purple,Temptation: Jesus Tempted by Satan,"He shall call upon Me, and I will answer him, I will deliver him and honor him. With long life I will satisfy him and show him My Salvation. He that dwells in the secret place of the Most High Shall abide under the shadow of the Almighty. Glory...","<span class=""liturgist"">He shall give His angels charge over you</span><br><span class=""congregation"">To keep you in all your ways.</span><br><span class=""liturgist"">They shall bear you up in their hands</span><br><span class=""congregation"">Lest you dash your foot against a stone.</span><br><span class=""liturgist"">He that dwells in the secret place of the Most High</span><br><span class=""congregation"">Shall abide under the shadow of the Almighty.</span><br><span class=""liturgist"">Christ has humbled Himself and become obedient unto death,</span><br><span class=""congregation"">Even the death of the Cross.</span>"
